Receiver,Team,Age,Pos,G,GS,Tgt,Rec,Ctch.,Yds,Y.R,TD,Lng,R.G,Y.G,Fmb
A.J. Green,CIN,27,WR,16,16,132,86,65.20%,1297,15.1,10,80,5.4,81.1,1
Aaron Dobson,NWE,24,WR,8,3,21,13,61.90%,141,10.8,0,24,1.6,17.6,0
Aaron Ripkowski,GNB,23,,15,0,1,1,100.00%,18,18,0,18,0.1,1.2,0
Adam Humphries,TAM,22,,13,0,40,27,67.50%,260,9.6,1,27,2.1,20,0
Adam Thielen,MIN,25,WR,16,2,18,12,66.70%,144,12,0,30,0.8,9,0
Adrian Peterson,MIN,30,RB,16,16,36,30,83.30%,222,7.4,0,49,1.9,13.9,7
Ahmad Bradshaw,IND,29,,6,0,14,10,71.40%,64,6.4,3,10,1.7,10.7,0
Akeem Hunt,HOU,22,RB,7,1,10,6,60.00%,39,6.5,0,27,0.9,5.6,0
Albert Wilson,KAN,23,WR,14,12,57,35,61.40%,451,12.9,2,44,2.5,32.2,0
Alfred Blue,HOU,24,RB,15,9,16,15,93.80%,109,7.3,1,21,1,7.3,2
Alfred Morris,WAS,27,RB,16,16,13,10,76.90%,55,5.5,0,12,0.6,3.4,0
Allen Hurns,JAX,24,WR,15,14,105,64,61.00%,1031,16.1,10,80,4.3,68.7,2
Allen Robinson,JAX,22,WR,16,16,151,80,53.00%,1400,17.5,14,90,5,87.5,0
Alshon Jeffery,CHI,25,WR,9,8,94,54,57.40%,807,14.9,4,50,6,89.7,1
Amari Cooper,OAK,21,WR,16,15,130,72,55.40%,1070,14.9,6,68,4.5,66.9,1
Ameer Abdullah,DET,22,RB,16,9,38,25,65.80%,183,7.3,1,36,1.6,11.4,5
Andre Caldwell,DEN,30,,14,0,22,10,45.50%,72,7.2,2,24,0.7,5.1,0
Andre Ellington,ARI,26,DB/RB,10,3,24,15,62.50%,148,9.9,0,32,1.5,14.8,1
Andre Holmes,OAK,27,WR,16,1,33,14,42.40%,201,14.4,4,49,0.9,12.6,0
Andre Johnson,IND,34,WR,16,14,77,41,53.20%,503,12.3,4,35,2.6,31.4,0
Andre Roberts,WAS,27,,9,0,21,11,52.40%,135,12.3,0,38,1.2,15,0
Andre Williams,NYG,23,,16,0,3,1,33.30%,7,7,0,7,0.1,0.4,0
Andrew Hawkins,CLE,29,WR,8,8,43,27,62.80%,276,10.2,0,25,3.4,34.5,1
Andrew Quarless,GNB,27,TE,5,1,5,4,80.00%,31,7.8,0,13,0.8,6.2,0
Andrew Turzilli,TEN,NA,,3,0,2,2,100.00%,25,12.5,0,18,0.7,8.3,0
Anquan Boldin,SFO,35,WR,14,13,111,69,62.20%,789,11.4,4,51,4.9,56.4,1
Anthony Dixon,BUF,28,RB,16,1,7,6,85.70%,44,7.3,0,14,0.4,2.8,0
Anthony Fasano,TEN,31,TE,16,11,42,26,61.90%,289,11.1,2,33,1.6,18.1,0
Anthony Sherman,KAN,27,FB,16,2,5,4,80.00%,34,8.5,0,18,0.3,2.1,0
Antonio Andrews,TEN,24,RB,14,10,29,21,72.40%,174,8.3,0,23,1.5,12.4,1
Antonio Brown,PIT,27,WR,16,16,193,136,70.50%,1834,13.5,10,59,8.5,114.6,3
Antonio Gates,SDG,35,TE,11,4,85,56,65.90%,630,11.3,5,40,5.1,57.3,0
Arian Foster,HOU,29,RB,4,4,28,22,78.60%,227,10.3,2,32,5.5,56.8,2
Asante Cleveland,NWE,23,TE,4,1,1,1,100.00%,1,1,0,1,0.3,0.3,0
Austin Johnson,NOR,26,FB,10,1,8,5,62.50%,30,6,0,12,0.5,3,0
Austin Seferian-Jenkins,TAM,23,TE,7,3,39,21,53.80%,338,16.1,4,43,3,48.3,0
B.J. Daniels,2TM,26,,8,0,2,2,100.00%,18,9,0,12,0.3,2.3,0
Ben Edwards,NYG,23,,2,0,2,1,50.00%,9,9,0,9,0.5,4.5,0
Ben Watson,NOR,35,TE,16,16,110,74,67.30%,825,11.1,6,46,4.6,51.6,1
Bennie Fowler,DEN,24,WR,16,1,25,16,64.00%,203,12.7,0,41,1,12.7,0
Benny Cunningham,STL,25,RB,16,1,36,26,72.20%,250,9.6,0,42,1.6,15.6,1
Bernard Pierce,JAX,24,,7,0,5,3,60.00%,7,2.3,0,6,0.4,1,0
Bilal Powell,NYJ,27,FB/RB,11,2,63,47,74.60%,388,8.3,2,25,4.3,35.3,2
Bishop Sankey,TEN,23,RB,13,3,22,14,63.60%,139,9.9,1,30,1.1,10.7,2
Blake Bell,SFO,24,TE,14,5,25,15,60.00%,186,12.4,0,48,1.1,13.3,0
Bobby Rainey,TAM,28,,16,0,3,3,100.00%,16,5.3,0,8,0.2,1,8
Bradley Marquez,STL,NA,WR,16,1,22,13,59.10%,88,6.8,0,14,0.8,5.5,1
Branden Oliver,SDG,24,RB,8,1,15,13,86.70%,112,8.6,0,17,1.6,14,0
Brandin Cooks,NOR,22,WR,16,13,129,84,65.10%,1138,13.5,9,71,5.3,71.1,1
Brandon Bolden,NWE,25,RB,15,2,30,19,63.30%,180,9.5,2,63,1.3,12,0
Brandon Coleman,NOR,23,WR,16,3,49,30,61.20%,454,15.1,2,31,1.9,28.4,0
Brandon LaFell,NWE,29,WR,11,7,74,37,50.00%,515,13.9,0,54,3.4,46.8,0
Brandon Marshall,NYJ,31,WR,16,16,173,109,63.00%,1502,13.8,14,69,6.8,93.9,3
Brandon Myers,TAM,30,FB/TE,11,6,17,12,70.60%,127,10.6,0,17,1.1,11.5,0
Brandon Pettigrew,DET,30,TE,8,8,15,7,46.70%,67,9.6,1,21,0.9,8.4,0
Brandon Tate,CIN,28,,16,0,3,2,66.70%,59,29.5,1,55,0.1,3.7,1
Brent Celek,PHI,30,TE,16,13,35,27,77.10%,398,14.7,3,60,1.7,24.9,1
Brenton Bersin,CAR,25,WR,9,2,11,9,81.80%,119,13.2,0,30,1,13.2,1
Brian Hartline,CLE,29,WR,12,4,77,46,59.70%,523,11.4,2,41,3.8,43.6,1
Brian Leonhardt,SFO,25,,4,0,1,1,100.00%,4,4,0,4,0.3,1,0
Brian Parker,KAN,23,,9,0,2,1,50.00%,6,6,0,6,0.1,0.7,0
Brian Quick,STL,26,WR,13,3,32,10,31.30%,102,10.2,0,37,0.8,7.8,0
Brice Butler,DAL,25,WR,7,2,26,12,46.20%,258,21.5,0,67,1.7,36.9,0
Brittan Golden,ARI,27,,16,0,1,1,100.00%,5,5,0,5,0.1,0.3,1
Bruce Ellington,SFO,24,,13,0,19,13,68.40%,153,11.8,0,44,1,11.8,3
Bruce Miller,SFO,28,FB,16,5,14,10,71.40%,135,13.5,0,52,0.6,8.4,0
Bryan Walters,JAX,28,WR,11,1,45,32,71.10%,368,11.5,1,31,2.9,33.5,0
C.J. Anderson,DEN,24,RB,15,5,36,25,69.40%,183,7.3,0,27,1.7,12.2,2
C.J. Fiedorowicz,HOU,24,TE,16,14,24,17,70.80%,167,9.8,1,25,1.1,10.4,1
C.J. Spiller,NOR,28,RB,13,2,44,34,77.30%,239,7,2,80,2.6,18.4,1
C.J. Uzomah,CIN,22,,5,0,1,1,100.00%,4,4,0,4,0.2,0.8,0
Calvin Johnson,DET,30,WR,16,16,149,88,59.10%,1214,13.8,9,57,5.5,75.9,1
Cameron Artis-Payne,CAR,25,,7,0,5,5,100.00%,58,11.6,0,20,0.7,8.3,0
Cameron Brate,TAM,24,TE,14,4,30,23,76.70%,288,12.5,3,46,1.6,20.6,0
Cameron Meredith,CHI,23,,11,0,16,11,68.80%,120,10.9,0,22,1,10.9,0
Carlos Hyde,SFO,24,RB,7,7,15,11,73.30%,53,4.8,0,11,1.6,7.6,1
Cecil Shorts,HOU,28,WR,11,4,75,42,56.00%,484,11.5,2,42,3.8,44,2
Chandler Worthy,HOU,22,,3,0,4,3,75.00%,14,4.7,0,12,1,4.7,1
Charcandrick West,KAN,24,RB,15,9,34,20,58.80%,214,10.7,1,80,1.3,14.3,1
Charles Clay,BUF,26,TE,13,13,77,51,66.20%,528,10.4,3,40,3.9,40.6,1
Charles Johnson,MIN,26,WR,11,4,13,9,69.20%,127,14.1,0,35,0.8,11.5,0
Charles Sims,TAM,25,,16,0,70,51,72.90%,561,11,4,56,3.2,35.1,2
Chase Coffman,2TM,29,,2,0,11,8,72.70%,71,8.9,1,16,4,35.5,0
Chris Conley,KAN,23,WR,16,5,31,17,54.80%,199,11.7,1,44,1.1,12.4,0
Chris Givens,2TM,26,,15,6,54,20,37.00%,353,17.7,1,48,1.3,23.5,0
Chris Gragg,BUF,25,TE,13,4,20,12,60.00%,150,12.5,0,29,0.9,11.5,0
Chris Harper,NWE,22,,5,0,3,1,33.30%,6,6,0,6,0.2,1.2,1
Chris Hogan,BUF,27,WR,16,4,59,36,61.00%,450,12.5,2,46,2.3,28.1,0
Chris Ivory,NYJ,27,RB,15,14,37,30,81.10%,217,7.2,1,36,2,14.5,4
Chris Johnson,ARI,30,RB,11,9,13,6,46.20%,58,9.7,0,40,0.5,5.3,2
Chris Matthews,2TM,26,,13,0,25,13,52.00%,151,11.6,1,21,1,11.6,0
Chris Owusu,NYJ,25,WR,3,2,13,6,46.20%,80,13.3,0,43,2,26.7,0
Chris Polk,HOU,26,RB,15,2,28,16,57.10%,109,6.8,1,12,1.1,7.3,0
Chris Thompson,WAS,25,,13,0,48,35,72.90%,240,6.9,2,23,2.7,18.5,2
Christine Michael,2TM,25,,8,2,6,3,50.00%,16,5.3,0,11,0.4,2,0
Cierre Wood,BUF,24,,2,0,1,1,100.00%,-6,-6,0,-6,0.5,-3,0
Clay Harbor,JAX,28,TE,15,2,20,14,70.00%,149,10.6,1,26,0.9,9.9,0
Clive Walford,OAK,24,TE,16,2,50,28,56.00%,329,11.8,3,33,1.8,20.6,0
Coby Fleener,IND,27,TE/WR,16,11,84,54,64.30%,491,9.1,3,57,3.4,30.7,0
Cody Davis,STL,26,,16,0,2,1,50.00%,20,20,0,20,0.1,1.3,1
Cody Latimer,DEN,23,WR,14,1,11,6,54.50%,59,9.8,1,15,0.4,4.2,0
Cole Beasley,DAL,26,WR,16,3,75,52,69.30%,536,10.3,5,30,3.3,33.5,2
Cooper Helfet,SEA,26,TE,13,2,22,13,59.10%,130,10,0,20,1,10,0
Cordarrelle Patterson,MIN,24,WR,16,1,2,2,100.00%,10,5,0,9,0.1,0.6,1
Corey Brown,CAR,24,WR,14,11,54,31,57.40%,447,14.4,4,39,2.2,31.9,0
Corey Fuller,DET,25,,12,0,9,4,44.40%,76,19,0,48,0.3,6.3,1
Corey Grant,JAX,24,,6,0,3,2,66.70%,13,6.5,0,8,0.3,2.2,1
Cory Harkey,STL,25,FB/TE,16,6,6,5,83.30%,26,5.2,0,12,0.3,1.6,0
Craig Stevens,TEN,31,TE,16,11,16,12,75.00%,121,10.1,2,27,0.8,7.6,0
Crockett Gillmore,BAL,24,TE,10,10,47,33,70.20%,412,12.5,4,46,3.3,41.2,0
Damien Williams,MIA,23,,16,0,28,21,75.00%,142,6.8,1,23,1.3,8.9,2
Dan Herron,2TM,26,,10,0,10,9,90.00%,47,5.2,0,9,0.9,4.7,1
Daniel Brown,BAL,23,WR,6,1,11,6,54.50%,64,10.7,0,31,1,10.7,0
Daniel Fells,NYG,32,TE,2,1,7,6,85.70%,60,10,0,23,3,30,0
Danny Amendola,NWE,30,WR,14,7,87,65,74.70%,648,10,3,41,4.6,46.3,1
Danny Woodhead,SDG,30,RB,16,1,106,80,75.50%,755,9.4,6,61,5,47.2,0
Darius Jennings,CLE,23,WR,4,1,21,14,66.70%,117,8.4,0,16,3.5,29.3,1
Darrel Young,WAS,28,FB,16,3,6,6,100.00%,22,3.7,0,8,0.4,1.4,1
Darren Fells,ARI,29,TE,14,12,28,21,75.00%,311,14.8,3,48,1.5,22.2,0
Darren McFadden,DAL,28,RB,16,10,53,40,75.50%,328,8.2,0,21,2.5,20.5,3
Darren Sproles,PHI,32,RB/WR,16,4,83,55,66.30%,388,7.1,1,35,3.4,24.3,1
Darren Waller,BAL,23,WR,6,1,6,2,33.30%,18,9,0,17,0.3,3,0
Darrius Heyward-Bey,PIT,28,WR,16,4,39,21,53.80%,314,15,2,66,1.3,19.6,0
Davante Adams,GNB,23,WR,13,12,94,50,53.20%,483,9.7,1,40,3.8,37.2,0
David Cobb,TEN,22,RB,7,1,2,1,50.00%,-2,-2,0,-2,0.1,-0.3,0
David Johnson,ARI,24,RB,16,5,57,36,63.20%,457,12.7,4,55,2.3,28.6,4
David Johnson,SDG,28,TE,16,4,2,1,50.00%,4,4,0,4,0.1,0.3,1
De'Anthony Thomas,KAN,22,WR,10,1,25,17,68.00%,140,8.2,1,36,1.7,14,2
DeAndre Hopkins,HOU,23,WR,16,16,192,111,57.80%,1521,13.7,11,61,6.9,95.1,1
DeAndrew White,SFO,NA,,4,0,2,2,100.00%,18,9,0,10,0.5,4.5,1
DeAngelo Williams,PIT,32,RB,16,10,47,40,85.10%,367,9.2,0,34,2.5,22.9,4
Delanie Walker,TEN,31,TE,15,10,133,94,70.70%,1088,11.6,6,61,6.3,72.5,0
DeMarco Murray,PHI,27,RB,15,8,55,44,80.00%,322,7.3,1,44,2.9,21.5,2
Demaryius Thomas,DEN,28,WR,16,16,177,105,59.30%,1304,12.4,6,72,6.6,81.5,2
Demetrius Harris,KAN,24,TE,16,9,11,7,63.60%,74,10.6,1,25,0.4,4.6,0
Denard Robinson,JAX,25,RB,13,3,30,21,70.00%,164,7.8,0,16,1.6,12.6,3
Deonte Thompson,CHI,26,,7,0,3,2,66.70%,81,40.5,0,45,0.3,11.6,0
Derek Carrier,WAS,25,FB/TE/WR,12,11,22,17,77.30%,141,8.3,1,20,1.4,11.8,0
Derrick Coleman,SEA,25,FB/RB,14,3,1,1,100.00%,0,0,0,0,0.1,0,0
DeSean Jackson,WAS,29,WR,10,9,49,30,61.20%,528,17.6,4,77,3,52.8,1
DeVante Parker,MIA,22,WR,15,4,50,26,52.00%,494,19,3,49,1.7,32.9,0
Devin Funchess,CAR,21,WR,16,5,63,31,49.20%,473,15.3,5,52,1.9,29.6,1
Devin Smith,NYJ,23,WR,10,3,28,9,32.10%,115,12.8,1,22,0.9,11.5,1
Devin Street,DAL,24,WR,14,2,13,7,53.80%,114,16.3,1,25,0.5,8.1,1
Devonta Freeman,ATL,23,RB,15,13,97,73,75.30%,578,7.9,3,44,4.9,38.5,3
Dexter McCluster,TEN,27,RB,11,2,41,31,75.60%,260,8.4,1,35,2.8,23.6,2
Dez Bryant,DAL,27,WR,9,9,72,31,43.10%,401,12.9,3,51,3.4,44.6,0
Dion Lewis,NWE,25,RB,7,6,50,36,72.00%,388,10.8,2,40,5.1,55.4,2
Dion Sims,MIA,24,TE,13,4,25,18,72.00%,127,7.1,1,22,1.4,9.8,1
Donald Brown,SDG,28,RB,9,2,13,8,61.50%,88,11,0,31,0.9,9.8,1
Donald Penn,OAK,32,LT,16,16,1,1,100.00%,3,3,0,3,0.1,0.2,0
Donte Moncrief,IND,22,WR,16,10,105,64,61.00%,733,11.5,6,33,4,45.8,0
Donteea Dye,TAM,22,WR,10,6,30,11,36.70%,132,12,1,44,1.1,13.2,1
Dontrelle Inman,SDG,26,WR,14,7,63,35,55.60%,486,13.9,3,68,2.5,34.7,2
Dorial Green-Beckham,TEN,22,WR,16,5,67,32,47.80%,549,17.2,4,47,2,34.3,0
Doug Baldwin,SEA,27,WR,16,16,103,78,75.70%,1069,13.7,14,80,4.9,66.8,1
Doug Martin,TAM,26,RB,16,16,44,33,75.00%,271,8.2,1,25,2.1,16.9,5
DuJuan Harris,2TM,27,,4,1,14,9,64.30%,97,10.8,0,31,2.3,24.3,1
Duke Johnson,CLE,22,RB,16,7,74,61,82.40%,534,8.8,2,52,3.8,33.4,1
Dwayne Allen,IND,25,TE,13,12,29,16,55.20%,109,6.8,1,21,1.2,8.4,0
Dwayne Bowe,CLE,31,,7,0,13,5,38.50%,53,10.6,0,16,0.7,7.6,0
Dwayne Harris,NYG,28,FB/WR,15,6,57,36,63.20%,396,11,4,38,2.4,26.4,3
E.J. Bibbs,CLE,24,,7,0,2,1,50.00%,7,7,0,7,0.1,1,0
Ed Dickson,CAR,28,TE,16,11,26,17,65.40%,121,7.1,2,17,1.1,7.6,0
Eddie Lacy,GNB,25,RB,15,12,28,20,71.40%,188,9.4,2,28,1.3,12.5,4
Eddie Royal,CHI,29,WR,9,9,50,37,74.00%,238,6.4,1,30,4.1,26.4,0
Emmanuel Sanders,DEN,28,WR,15,15,136,76,55.90%,1135,14.9,6,75,5.1,75.7,2
Ereck Flowers,NYG,21,LT,15,15,1,1,100.00%,-11,-11,0,-11,0.1,-0.7,0
Eric Decker,NYJ,28,WR,15,13,132,80,60.60%,1027,12.8,12,35,5.3,68.5,1
Eric Ebron,DET,22,TE,14,8,70,47,67.10%,537,11.4,5,55,3.4,38.4,0
Eric Weems,ATL,30,,16,0,1,1,100.00%,11,11,0,11,0.1,0.7,0
Fozzy Whittaker,CAR,26,RB,15,1,15,12,80.00%,64,5.3,0,15,0.8,4.3,0
Frank Gore,IND,32,RB,16,16,58,34,58.60%,267,7.9,1,34,2.1,16.7,4
Fred Jackson,SEA,34,,16,0,41,32,78.00%,257,8,2,26,2,16.1,1
Garrett Celek,SFO,27,TE,11,8,28,19,67.90%,186,9.8,3,33,1.7,16.9,0
Garrett Graham,HOU,29,FB/TE,8,2,19,4,21.10%,30,7.5,1,9,0.5,3.8,0
Gary Barnidge,CLE,30,TE,16,13,125,79,63.20%,1043,13.2,9,40,4.9,65.2,0
Gavin Escobar,DAL,24,TE,14,4,13,8,61.50%,64,8,1,22,0.6,4.6,1
Geoff Swaim,DAL,24,TE,4,1,1,1,100.00%,0,0,0,0,0.3,0,0
Geremy Davis,NYG,23,,10,0,3,2,66.70%,21,10.5,0,16,0.2,2.1,0
Giovani Bernard,CIN,24,RB,16,1,66,49,74.20%,472,9.6,0,45,3.1,29.5,1
Golden Tate,DET,27,WR,16,16,128,90,70.30%,813,9,6,43,5.6,50.8,1
Greg Jennings,MIA,32,WR,16,5,36,19,52.80%,208,10.9,1,31,1.2,13,0
Greg Olsen,CAR,30,TE,16,16,124,77,62.10%,1104,14.3,7,52,4.8,69,1
Greg Salas,BUF,27,,2,0,5,3,60.00%,41,13.7,0,20,1.5,20.5,0
Griff Whalen,IND,25,,14,0,26,19,73.10%,205,10.8,1,38,1.4,14.6,4
Hakeem Nicks,NYG,27,WR,6,2,14,7,50.00%,54,7.7,0,19,1.2,9,0
Harry Douglas,TEN,31,WR,14,12,72,36,50.00%,411,11.4,2,51,2.6,29.4,2
Heath Miller,PIT,33,TE,15,15,81,60,74.10%,535,8.9,2,27,4,35.7,0
Isaiah Crowell,CLE,22,RB,16,9,22,19,86.40%,182,9.6,1,53,1.2,11.4,0
Jack Doyle,IND,25,TE,16,2,14,12,85.70%,72,6,1,19,0.8,4.5,0
Jacob Tamme,ATL,30,TE,15,8,81,59,72.80%,657,11.1,1,41,3.9,43.8,0
Jacquizz Rodgers,CHI,25,,5,0,3,1,33.30%,10,10,0,10,0.2,2,0
Jaelen Strong,HOU,21,WR,10,1,24,14,58.30%,161,11.5,3,42,1.4,16.1,0
Jake Fisher,CIN,22,TE,14,1,5,1,20.00%,31,31,0,31,0.1,2.2,0
Jake Stoneburner,MIA,26,TE,11,1,5,5,100.00%,47,9.4,2,13,0.5,4.3,0
Jalston Fowler,TEN,25,,16,0,6,5,83.30%,44,8.8,1,19,0.3,2.8,0
Jamaal Charles,KAN,29,RB,5,5,29,21,72.40%,177,8.4,1,26,4.2,35.4,2
James Hanna,DAL,26,TE,14,7,14,9,64.30%,79,8.8,0,17,0.6,5.6,0
James Jones,GNB,31,WR,16,15,99,50,50.50%,890,17.8,8,65,3.1,55.6,1
James O'Shaughnessy,KAN,23,TE,7,3,9,6,66.70%,87,14.5,0,30,0.9,12.4,0
James Starks,GNB,29,RB,16,4,53,43,81.10%,392,9.1,3,30,2.7,24.5,5
James White,NWE,23,RB,14,1,54,40,74.10%,410,10.3,4,68,2.9,29.3,0
Jamison Crowder,WAS,22,FB/WR,16,6,78,59,75.60%,604,10.2,2,44,3.7,37.8,4
Jamize Olawale,OAK,26,FB,14,3,11,9,81.80%,84,9.3,0,15,0.6,6,0
Jared Abbrederis,GNB,25,,9,0,16,9,56.30%,111,12.3,0,32,1,12.3,1
Jared Cook,STL,28,TE,16,12,75,39,52.00%,481,12.3,0,49,2.4,30.1,2
Jarius Wright,MIN,26,WR,16,3,50,34,68.00%,442,13,0,52,2.1,27.6,1
Jaron Brown,ARI,25,,16,0,23,11,47.80%,144,13.1,1,39,0.7,9,0
Jarryd Hayne,SFO,27,RB,8,1,7,6,85.70%,27,4.5,0,7,0.8,3.4,3
Jarvis Landry,MIA,23,WR,16,14,166,110,66.30%,1157,10.5,4,50,6.9,72.3,1
Jason Avant,KAN,32,WR,16,1,24,15,62.50%,119,7.9,0,20,0.9,7.4,0
Jason Witten,DAL,33,TE,16,16,104,77,74.00%,713,9.3,3,35,4.8,44.6,1
Javontee Herndon,SDG,24,WR,8,2,33,24,72.70%,195,8.1,0,21,3,24.4,2
Javorius Allen,BAL,24,RB,16,6,62,45,72.60%,353,7.8,2,41,2.8,22.1,2
Jay Ajayi,MIA,22,,9,0,11,7,63.60%,90,12.9,0,20,0.8,10,0
Jeff Cumberland,NYJ,28,TE,15,6,14,5,35.70%,77,15.4,0,44,0.3,5.1,0
Jeff Janis,GNB,24,,16,0,12,2,16.70%,79,39.5,0,46,0.1,4.9,0
Jeremy Butler,BAL,24,,8,0,44,31,70.50%,363,11.7,0,41,3.9,45.4,1
Jeremy Hill,CIN,23,RB,16,15,19,15,78.90%,79,5.3,1,14,0.9,4.9,3
Jeremy Kerley,NYJ,27,WR,16,1,26,16,61.50%,152,9.5,2,25,1,9.5,1
Jeremy Langford,CHI,24,RB,16,2,42,22,52.40%,279,12.7,1,83,1.4,17.4,0
Jeremy Maclin,KAN,27,WR,15,15,124,87,70.20%,1088,12.5,8,61,5.8,72.5,2
Jeremy Ross,2TM,27,,11,0,14,9,64.30%,88,9.8,0,18,0.8,8,4
Jerick McKinnon,MIN,23,,16,0,29,21,72.40%,173,8.2,1,30,1.3,10.8,0
Jermaine Gresham,ARI,27,TE/WR,15,12,32,18,56.30%,223,12.4,1,22,1.2,14.9,0
Jermaine Kearse,SEA,25,WR,16,16,68,49,72.10%,685,14,5,50,3.1,42.8,1
Jerome Cunningham,NYG,24,FB/TE,9,3,16,8,50.00%,59,7.4,0,16,0.9,6.6,0
Jerome Felton,BUF,29,FB,16,8,2,1,50.00%,12,12,0,12,0.1,0.8,0
Jerome Simpson,SFO,29,WR,5,1,19,5,26.30%,54,10.8,1,16,1,10.8,0
Jerricho Cotchery,CAR,33,WR,14,3,54,39,72.20%,485,12.4,3,59,2.8,34.6,0
Jesse James,PIT,21,TE,8,2,11,8,72.70%,56,7,1,20,1,7,0
Jim Dray,CLE,29,FB/TE,16,10,16,6,37.50%,61,10.2,0,18,0.4,3.8,0
Jimmy Graham,SEA,29,TE,11,11,74,48,64.90%,605,12.6,2,45,4.4,55,0
JJ Nelson,ARI,23,WR,11,2,27,11,40.70%,299,27.2,2,64,1,27.2,1
John Brown,ARI,25,WR,15,11,101,65,64.40%,1003,15.4,7,68,4.3,66.9,1
John Kuhn,GNB,33,FB,16,6,10,6,60.00%,56,9.3,0,19,0.4,3.5,0
John Phillips,SDG,28,TE,16,5,11,10,90.90%,69,6.9,1,15,0.6,4.3,0
Joique Bell,DET,29,RB,13,5,27,22,81.50%,286,13,0,39,1.7,22,1
Jonas Gray,2TM,25,,8,0,8,7,87.50%,76,10.9,0,25,0.9,9.5,0
Jonathan Grimes,HOU,26,,14,0,31,26,83.90%,173,6.7,1,19,1.9,12.4,0
Jonathan Krause,PHI,23,,2,0,4,2,50.00%,11,5.5,0,7,1,5.5,0
Jonathan Stewart,CAR,28,RB,13,13,21,16,76.20%,99,6.2,1,15,1.2,7.6,3
Jordan Cameron,MIA,27,TE,16,16,70,35,50.00%,386,11,3,29,2.2,24.1,1
Jordan Matthews,PHI,23,WR,16,13,126,85,67.50%,997,11.7,8,78,5.3,62.3,2
Jordan Norwood,DEN,29,WR,11,5,32,22,68.80%,207,9.4,0,34,2,18.8,1
Jordan Reed,WAS,25,TE/WR,14,9,114,87,76.30%,952,10.9,11,32,6.2,68,3
Jorvorskie Lane,TAM,28,FB,16,6,2,2,100.00%,13,6.5,0,8,0.1,0.8,0
Joseph Randle,DAL,24,RB,6,6,10,10,100.00%,87,8.7,0,25,1.7,14.5,1
Josh Bellamy,CHI,26,WR,16,3,34,19,55.90%,224,11.8,2,48,1.2,14,0
Josh Hill,NOR,25,TE,16,7,30,16,53.30%,120,7.5,2,19,1,7.5,0
Josh Huff,PHI,24,WR,15,4,42,27,64.30%,312,11.6,3,41,1.8,20.8,0
Josh Robinson,IND,23,,5,0,6,6,100.00%,33,5.5,0,9,1.2,6.6,1
Julian Edelman,NWE,29,WR,9,9,88,61,69.30%,692,11.3,7,59,6.8,76.9,1
Julio Jones,ATL,26,WR,16,16,203,136,67.00%,1871,13.8,8,70,8.5,116.9,3
Julius Thomas,JAX,27,TE,12,11,80,46,57.50%,455,9.9,5,34,3.8,37.9,0
Justin Forsett,BAL,30,RB,10,10,41,31,75.60%,153,4.9,0,32,3.1,15.3,0
Justin Hardy,ATL,24,WR,9,1,36,21,58.30%,194,9.2,0,23,2.3,21.6,0
Justin Hunter,TEN,24,WR,9,5,31,22,71.00%,264,12,1,29,2.4,29.3,0
Justin Perillo,GNB,24,,9,0,13,11,84.60%,102,9.3,1,24,1.2,11.3,0
Juwan Thompson,DEN,23,FB,15,1,9,6,66.70%,51,8.5,0,16,0.4,3.4,0
Ka'Deem Carey,CHI,23,RB,10,1,3,3,100.00%,19,6.3,1,11,0.3,1.9,1
Kamar Aiken,BAL,26,WR,16,14,127,75,59.10%,944,12.6,5,48,4.7,59,1
Karlos Williams,BUF,22,FB/RB,11,3,14,11,78.60%,96,8.7,2,26,1,8.7,2
Kasen Williams,SEA,NA,,2,0,1,1,100.00%,8,8,0,8,0.5,4,0
Keenan Allen,SDG,23,WR,8,8,89,67,75.30%,725,10.8,4,38,8.4,90.6,1
Keith Mumphery,HOU,23,WR,16,3,32,14,43.80%,129,9.2,0,26,0.9,8.1,3
Kellen Davis,NYJ,30,FB/TE,16,9,11,3,27.30%,18,6,1,9,0.2,1.1,0
Kenbrell Thompkins,NYJ,27,WR,7,2,33,17,51.50%,165,9.7,0,43,2.4,23.6,0
Kendall Gaskins,SFO,25,,9,0,10,8,80.00%,69,8.6,0,16,0.9,7.7,0
Kendall Lamm,HOU,23,T/TE,15,4,1,1,100.00%,7,7,0,7,0.1,0.5,0
Kendall Wright,TEN,26,WR,10,9,60,36,60.00%,408,11.3,3,52,3.6,40.8,0
Kenjon Barner,PHI,26,,11,0,12,9,75.00%,22,2.4,0,12,0.8,2,1
Kenny Britt,STL,27,WR,16,13,72,36,50.00%,681,18.9,3,60,2.3,42.6,0
Kenny Stills,MIA,23,WR,16,8,63,27,42.90%,440,16.3,3,47,1.7,27.5,0
Kerwynn Williams,ARI,24,,6,0,2,2,100.00%,16,8,0,12,0.3,2.7,1
Keshawn Martin,NWE,25,WR,9,8,37,24,64.90%,269,11.2,2,39,2.7,29.9,1
Kevin Smith,SEA,24,WR,7,1,5,3,60.00%,43,14.3,0,21,0.4,6.1,0
Khari Lee,CHI,23,TE,16,7,3,1,33.30%,7,7,0,7,0.1,0.4,0
Khiry Robinson,NOR,26,,8,0,20,17,85.00%,115,6.8,0,22,2.1,14.4,0
Knile Davis,KAN,24,,14,0,3,2,66.70%,24,12,0,12,0.1,1.7,0
Kyle Juszczyk,BAL,24,FB,16,11,56,41,73.20%,321,7.8,4,39,2.6,20.1,0
Kyle Rudolph,MIN,26,TE,16,16,73,49,67.10%,495,10.1,5,47,3.1,30.9,0
Ladarius Green,SDG,25,TE,13,11,63,37,58.70%,429,11.6,4,31,2.8,33,0
Lamar Miller,MIA,24,RB,16,16,57,47,82.50%,397,8.4,2,54,2.9,24.8,1
Lance Dunbar,DAL,25,,4,0,23,21,91.30%,215,10.2,0,39,5.3,53.8,0
Lance Kendricks,STL,27,TE/WR,15,12,36,25,69.40%,245,9.8,2,37,1.7,16.3,0
Lance Moore,DET,32,WR,14,8,43,29,67.40%,337,11.6,4,42,2.1,24.1,1
Larry Donnell,NYG,27,TE,8,8,41,29,70.70%,223,7.7,2,22,3.6,27.9,0
Larry Fitzgerald,ARI,32,WR,16,16,145,109,75.20%,1215,11.1,9,44,6.8,75.9,2
Latavius Murray,OAK,25,RB,16,16,53,41,77.40%,232,5.7,0,23,2.6,14.5,4
Le'Veon Bell,PIT,23,RB,6,6,26,24,92.30%,136,5.7,0,20,4,22.7,0
Lee Smith,OAK,28,TE,15,15,13,12,92.30%,70,5.8,1,17,0.8,4.7,0
LeGarrette Blount,NWE,29,RB,12,6,7,6,85.70%,43,7.2,1,14,0.5,3.6,1
Leonard Hankerson,3TM,26,,10,0,46,26,56.50%,327,12.6,3,55,2.6,32.7,0
LeSean McCoy,BUF,27,RB,12,12,50,32,64.00%,292,9.1,2,22,2.7,24.3,2
Levine Toilolo,ATL,24,TE,16,15,12,7,58.30%,44,6.3,0,11,0.4,2.8,0
Lorenzo Taliaferro,BAL,24,,3,0,5,5,100.00%,29,5.8,0,11,1.7,9.7,0
Louis Murphy,TAM,28,WR,6,1,18,10,55.60%,198,19.8,0,54,1.7,33,0
Lucky Whitehead,DAL,23,WR,15,1,8,6,75.00%,16,2.7,0,8,0.4,1.1,1
Luke Stocker,TAM,27,TE,14,13,13,9,69.20%,61,6.8,1,14,0.6,4.4,0
Luke Willson,SEA,25,TE,14,7,26,17,65.40%,213,12.5,1,24,1.2,15.2,0
Malcolm Brown,STL,NA,,1,0,1,1,100.00%,-2,-2,0,-2,1,-2,0
Malcolm Johnson,CLE,23,FB,12,5,6,4,66.70%,15,3.8,0,8,0.3,1.3,0
Malcom Floyd,SDG,34,WR,15,13,68,30,44.10%,561,18.7,3,70,2,37.4,1
Marc Mariani,CHI,28,WR,16,5,33,22,66.70%,300,13.6,0,26,1.4,18.8,3
Marcedes Lewis,JAX,31,TE,16,16,37,16,43.20%,226,14.1,0,45,1,14.1,0
Marcel Reece,OAK,30,FB/TE,15,7,37,30,81.10%,269,9,3,55,2,17.9,0
Marcus Easley,BUF,28,,13,0,3,1,33.30%,58,58,1,58,0.1,4.5,0
Marcus Mariota,TEN,22,QB,12,12,1,1,100.00%,41,41,1,41,0.1,3.4,10
Mario Alford,CIN,23,,1,0,1,1,100.00%,15,15,0,15,1,15,0
Mark Ingram,NOR,26,RB,12,10,60,50,83.30%,405,8.1,0,59,4.2,33.8,2
Markus Wheaton,PIT,24,WR,16,8,79,44,55.70%,749,17,5,72,2.8,46.8,0
Marlon Brown,BAL,24,WR,10,2,30,14,46.70%,112,8,0,22,1.4,11.2,0
Marlon Moore,CLE,28,WR,14,2,10,7,70.00%,81,11.6,1,20,0.5,5.8,0
Marqise Lee,JAX,24,WR,10,1,32,15,46.90%,191,12.7,1,30,1.5,19.1,0
MarQueis Gray,BUF,26,,4,0,1,1,100.00%,2,2,0,2,0.3,0.5,0
Marques Colston,NOR,32,WR,13,5,67,45,67.20%,520,11.6,4,53,3.5,40,0
Marquess Wilson,CHI,23,WR,11,6,51,28,54.90%,464,16.6,1,50,2.5,42.2,0
Marquise Goodwin,BUF,25,,2,0,2,2,100.00%,24,12,0,14,1,12,0
Marshawn Lynch,SEA,29,RB,7,6,21,13,61.90%,80,6.2,0,19,1.9,11.4,0
Martavis Bryant,PIT,24,WR,11,5,92,50,54.30%,765,15.3,6,88,4.5,69.5,1
Martellus Bennett,CHI,28,TE,11,11,80,53,66.30%,439,8.3,3,24,4.8,39.9,2
Marvin Jones,CIN,25,RB/WR,16,13,103,65,63.10%,816,12.6,4,47,4.1,51,0
Matt Asiata,MIN,28,,16,0,22,19,86.40%,132,6.9,0,22,1.2,8.3,0
Matt Forte,CHI,30,RB,13,13,58,44,75.90%,389,8.8,3,38,3.4,29.9,2
Matt Jones,WAS,22,,13,0,25,19,76.00%,304,16,1,78,1.5,23.4,5
Matt LaCosse,NYG,23,,2,0,3,3,100.00%,22,7.3,0,10,1.5,11,0
Matt Spaeth,PIT,32,TE,13,7,3,2,66.70%,10,5,0,6,0.2,0.8,0
Matthew Mulligan,BUF,30,TE,12,5,1,1,100.00%,2,2,0,2,0.1,0.2,0
Matthew Stafford,DET,27,QB,16,16,1,1,100.00%,-6,-6,0,-6,0.1,-0.4,4
Maxx Williams,BAL,21,TE,14,7,48,32,66.70%,268,8.4,1,28,2.3,19.1,1
Melvin Gordon,SDG,22,RB,14,13,37,33,89.20%,192,5.8,0,18,2.4,13.7,6
Michael Burton,DET,23,FB/TE,16,7,6,6,100.00%,39,6.5,1,12,0.4,2.4,0
Michael Campanaro,BAL,24,,4,0,6,5,83.30%,35,7,0,11,1.3,8.8,0
Michael Crabtree,OAK,28,WR,16,15,146,85,58.20%,922,10.8,9,38,5.3,57.6,1
Michael Floyd,ARI,26,WR,15,6,89,52,58.40%,849,16.3,6,60,3.5,56.6,0
Michael Hoomanawanui,2TM,27,,14,8,16,11,68.80%,76,6.9,3,19,0.8,5.4,1
Michael Williams,NWE,25,RB/TE/WR,15,9,6,3,50.00%,26,8.7,0,15,0.2,1.7,0
Mike Davis,SFO,22,,6,0,13,7,53.80%,38,5.4,0,11,1.2,6.3,0
Mike Evans,TAM,22,WR,15,14,148,74,50.00%,1206,16.3,3,68,4.9,80.4,1
Mike Gillislee,BUF,25,RB,5,1,7,6,85.70%,29,4.8,0,14,1.2,5.8,1
Mike Iupati,ARI,28,LG,13,13,1,1,100.00%,10,10,0,10,0.1,0.8,0
Mike Tolbert,CAR,30,FB/RB,16,3,23,18,78.30%,154,8.6,3,40,1.1,9.6,0
Mike Wallace,MIN,29,WR,16,12,72,39,54.20%,473,12.1,2,34,2.4,29.6,0
Miles Austin,PHI,31,WR,11,1,31,13,41.90%,224,17.2,1,39,1.2,20.4,0
Mohamed Sanu,CIN,26,WR,16,4,49,33,67.30%,394,11.9,0,52,2.1,24.6,2
Mychal Rivera,OAK,25,,16,0,46,32,69.60%,280,8.8,1,29,2,17.5,2
MyCole Pruitt,MIN,23,TE,16,3,16,10,62.50%,89,8.9,0,32,0.6,5.6,0
Myles White,NYG,25,,12,0,20,7,35.00%,88,12.6,1,28,0.6,7.3,0
Nate Washington,HOU,32,WR,14,14,94,47,50.00%,658,14,4,49,3.4,47,0
Nelson Agholor,PHI,22,WR,13,12,44,23,52.30%,283,12.3,1,53,1.8,21.8,1
Nic Jacobs,JAX,24,TE,11,3,3,1,33.30%,6,6,0,6,0.1,0.5,0
Nick Boyle,BAL,22,TE,11,2,23,18,78.30%,153,8.5,0,25,1.6,13.9,0
Nick O'Leary,BUF,23,,4,0,3,1,33.30%,37,37,0,37,0.3,9.3,0
Nick Williams,ATL,25,,14,0,25,17,68.00%,159,9.4,2,29,1.2,11.4,0
Odell Beckham,NYG,23,WR,15,15,158,96,60.80%,1450,15.1,13,87,6.4,96.7,2
Orleans Darkwa,NYG,23,,16,0,5,3,60.00%,31,10.3,0,15,0.2,1.9,0
Owen Daniels,DEN,33,TE,16,16,77,46,59.70%,517,11.2,3,37,2.9,32.3,0
Patrick DiMarco,ATL,26,FB/RB,16,8,17,13,76.50%,110,8.5,2,19,0.8,6.9,0
Paul Richardson,SEA,23,,1,0,1,1,100.00%,40,40,0,40,1,40,0
Percy Harvin,BUF,27,WR,5,5,30,19,63.30%,218,11.5,1,51,3.8,43.6,1
Phillip Dorsett,IND,22,,11,0,39,18,46.20%,225,12.5,1,35,1.6,20.5,2
Phillip Supernaw,TEN,25,TE,16,1,4,3,75.00%,32,10.7,0,16,0.2,2,1
Pierre Garcon,WAS,29,WR,16,16,111,72,64.90%,777,10.8,6,39,4.5,48.6,0
Pierre Thomas,2TM,31,,5,0,11,9,81.80%,84,9.3,0,15,1.8,16.8,0
Preston Parker,NYG,28,WR,2,1,12,5,41.70%,43,8.6,0,15,2.5,21.5,0
Quincy Enunwa,NYJ,23,WR,12,6,46,22,47.80%,315,14.3,0,48,1.8,26.3,0
Quinton Patton,SFO,25,WR,16,4,57,30,52.60%,394,13.1,1,41,1.9,24.6,0
Randall Cobb,GNB,25,WR,16,15,129,79,61.20%,829,10.5,6,53,4.9,51.8,1
Rashad Greene,JAX,23,,9,0,35,19,54.30%,93,4.9,2,18,2.1,10.3,1
Rashad Jennings,NYG,30,RB,16,16,40,29,72.50%,296,10.2,1,51,1.8,18.5,2
Rashad Ross,WAS,25,,13,0,13,8,61.50%,184,23,1,71,0.6,14.2,0
Reggie Bush,SFO,30,RB,5,1,10,4,40.00%,19,4.8,0,8,0.8,3.8,0
Rex Burkhead,CIN,25,,16,0,15,10,66.70%,94,9.4,1,27,0.6,5.9,1
Rhett Ellison,MIN,27,TE,15,9,19,11,57.90%,124,11.3,1,41,0.7,8.3,0
Ricardo Lockette,SEA,29,,8,0,7,4,57.10%,69,17.3,1,40,0.5,8.6,0
Richard Rodgers,GNB,23,TE,16,12,85,58,68.20%,510,8.8,8,61,3.6,31.9,0
Riley Cooper,PHI,28,WR,16,13,41,21,51.20%,327,15.6,2,62,1.3,20.4,0
Rishard Matthews,MIA,26,WR,11,11,61,43,70.50%,662,15.4,4,53,3.9,60.2,0
Rob Gronkowski,NWE,26,TE,15,15,120,72,60.00%,1176,16.3,11,76,4.8,78.4,0
Rob Housler,2TM,27,,10,0,7,4,57.10%,33,8.3,0,12,0.4,3.3,0
Robert Turbin,2TM,26,,10,0,10,7,70.00%,23,3.3,0,15,0.7,2.3,0
Robert Woods,BUF,23,WR,14,9,80,47,58.80%,552,11.7,3,37,3.4,39.4,2
Rod Smith,2TM,NA,,11,0,2,1,50.00%,6,6,0,6,0.1,0.5,0
Rod Streater,OAK,27,,1,0,1,1,100.00%,8,8,0,8,1,8,0
Roddy White,ATL,34,WR,16,16,70,43,61.40%,506,11.8,1,25,2.7,31.6,0
Ronnie Hillman,DEN,24,RB,16,11,35,24,68.60%,111,4.6,0,14,1.5,6.9,3
Roosevelt Nix,PIT,23,FB,15,3,3,2,66.70%,16,8,0,10,0.1,1.1,0
Roy Helu,OAK,27,,9,0,16,9,56.30%,75,8.3,1,15,1,8.3,0
Rueben Randle,NYG,24,WR,16,16,90,57,63.30%,797,14,8,72,3.6,49.8,0
Russell Shepard,TAM,25,WR,13,1,9,3,33.30%,28,9.3,1,18,0.2,2.2,0
Ryan Grant,WAS,25,WR,16,5,42,23,54.80%,268,11.7,2,35,1.4,16.8,0
Ryan Griffin,HOU,25,TE,9,4,34,20,58.80%,251,12.6,2,37,2.2,27.9,0
Ryan Hewitt,CIN,24,RB/TE,15,12,12,8,66.70%,99,12.4,0,22,0.5,6.6,0
Ryan Mathews,PHI,28,RB,13,6,28,20,71.40%,146,7.3,1,23,1.5,11.2,3
Ryan Tannehill,MIA,27,QB,16,16,1,1,100.00%,9,9,0,9,0.1,0.6,10
Sammie Coates,PIT,22,,7,0,2,1,50.00%,11,11,0,11,0.1,1.6,0
Sammy Watkins,BUF,22,WR,13,13,96,60,62.50%,1047,17.5,9,63,4.6,80.5,0
Scott Chandler,NWE,30,TE,15,4,42,23,54.80%,259,11.3,4,30,1.5,17.3,0
Scott Simonson,CAR,23,,9,0,1,1,100.00%,10,10,0,10,0.1,1.1,0
Seth Roberts,OAK,24,FB/WR,16,5,55,32,58.20%,480,15,5,43,2,30,0
Seyi Ajirotutu,PHI,28,,13,0,3,1,33.30%,4,4,0,4,0.1,0.3,0
Shane Vereen,NYG,26,,16,0,81,59,72.80%,495,8.4,4,37,3.7,30.9,1
Shaun Draughn,2TM,28,,11,6,35,27,77.10%,176,6.5,0,26,2.5,16,1
Spencer Ware,KAN,24,RB,11,2,6,6,100.00%,5,0.8,0,5,0.5,0.5,0
Stedman Bailey,STL,25,WR,8,3,25,12,48.00%,182,15.2,1,68,1.5,22.8,0
Stefon Diggs,MIN,22,WR,13,9,84,52,61.90%,720,13.8,4,40,4,55.4,2
Stepfan Taylor,ARI,24,,16,0,3,1,33.30%,4,4,0,4,0.1,0.3,0
Stevan Ridley,NYJ,26,RB,9,1,5,4,80.00%,-2,-0.5,0,3,0.4,-0.2,0
Steve Johnson,SDG,29,WR,10,8,65,45,69.20%,497,11,3,34,4.5,49.7,1
Steve Smith,BAL,36,WR,7,7,73,46,63.00%,670,14.6,3,50,6.6,95.7,0
Steven Jackson,NWE,32,RB,2,1,1,1,100.00%,20,20,0,20,0.5,10,0
T.J. Graham,NOR,26,,4,0,4,4,100.00%,24,6,0,18,1,6,0
T.J. Jones,DET,23,,10,0,18,10,55.60%,132,13.2,1,29,1,13.2,2
T.J. Yeldon,JAX,22,RB,12,12,46,36,78.30%,279,7.8,1,67,3,23.3,0
T.Y. Hilton,IND,26,WR,16,15,134,69,51.50%,1124,16.3,5,87,4.3,70.3,1
Taiwan Jones,OAK,27,,12,0,9,7,77.80%,106,15.1,1,59,0.6,8.8,2
Tavon Austin,STL,24,WR,16,14,87,52,59.80%,473,9.1,5,66,3.3,29.6,2
Taylor Gabriel,CLE,24,WR,13,4,48,28,58.30%,241,8.6,0,56,2.2,18.5,1
Ted Ginn,CAR,30,WR,15,13,97,44,45.40%,739,16.8,10,74,2.9,49.3,0
Terrance Magee,BAL,NA,,3,0,1,1,100.00%,2,2,0,2,0.3,0.7,0
Terrance West,2TM,24,,8,0,5,4,80.00%,21,5.3,0,8,0.5,2.6,2
Terrance Williams,DAL,26,WR,16,13,93,52,55.90%,840,16.2,3,42,3.3,52.5,0
Terrelle Pryor,CLE,26,WR,3,2,8,1,12.50%,42,42,0,42,0.3,14,0
Terron Ward,ATL,23,,13,0,13,9,69.20%,73,8.1,0,18,0.7,5.6,0
Tevin Coleman,ATL,22,RB,12,3,11,2,18.20%,14,7,0,10,0.2,1.2,3
Theo Riddick,DET,24,RB,16,1,99,80,80.80%,697,8.7,3,34,5,43.6,1
Thomas Rawls,SEA,22,RB,13,7,11,9,81.80%,76,8.4,1,31,0.7,5.8,1
Tim Hightower,NOR,29,RB,8,3,13,12,92.30%,129,10.8,0,27,1.5,16.1,0
Tim Wright,DET,25,TE,9,1,16,9,56.30%,77,8.6,2,26,1,8.6,0
Toby Gerhart,JAX,28,RB,7,1,5,3,60.00%,23,7.7,0,8,0.4,3.3,0
Todd Gurley,STL,21,RB,13,12,26,21,80.80%,188,9,0,31,1.6,14.5,3
Tom Brady,NWE,38,QB,16,16,1,1,100.00%,36,36,0,36,0.1,2.3,6
Tommy Bohanon,NYJ,25,FB,16,4,8,4,50.00%,56,14,0,23,0.3,3.5,0
Tony Moeaki,ATL,28,,10,0,5,3,60.00%,58,19.3,1,42,0.3,5.8,0
Torrey Smith,SFO,26,TE/WR,16,12,62,33,53.20%,663,20.1,4,76,2.1,41.4,0
Travaris Cadet,3TM,26,,7,1,22,17,77.30%,214,12.6,1,44,2.4,30.6,1
Travis Benjamin,CLE,26,WR,16,15,125,68,54.40%,966,14.2,5,61,4.3,60.4,3
Travis Kelce,KAN,26,TE,16,16,103,72,69.90%,875,12.2,5,42,4.5,54.7,2
Tre Mason,STL,22,RB,13,3,25,18,72.00%,88,4.9,0,16,1.4,6.8,3
Tre McBride,TEN,23,,7,0,4,2,50.00%,8,4,1,7,0.3,1.1,0
Trey Burton,PHI,24,,16,0,4,3,75.00%,54,18,0,43,0.2,3.4,0
Troy Niklas,ARI,23,TE,16,3,4,4,100.00%,33,8.3,2,13,0.3,2.1,0
Ty Montgomery,GNB,22,WR,6,3,19,15,78.90%,136,9.1,2,31,2.5,22.7,0
Tyler Clutts,DAL,31,FB,16,5,1,1,100.00%,4,4,0,4,0.1,0.3,0
Tyler Eifert,CIN,25,TE,13,12,74,52,70.30%,615,11.8,13,31,4,47.3,0
Tyler Kroft,CIN,23,TE,16,6,15,11,73.30%,129,11.7,1,22,0.7,8.1,0
Tyler Lockett,SEA,23,FB/WR,16,8,69,51,73.90%,664,13,6,49,3.2,41.5,1
Tyler Murphy,PIT,23,,2,0,1,1,100.00%,16,16,0,16,0.5,8,0
Tyler Varga,IND,22,,3,0,2,1,50.00%,18,18,0,18,0.3,6,0
Tyrell Williams,SDG,23,,4,0,5,2,40.00%,90,45,1,80,0.5,22.5,0
Tyrod Taylor,BUF,26,QB/WR,14,14,1,1,100.00%,4,4,0,4,0.1,0.3,9
Tyson Alualu,JAX,28,DT,16,14,3,2,66.70%,19,9.5,0,16,0.1,1.2,0
Vance McDonald,SFO,25,TE/WR,14,11,46,30,65.20%,326,10.9,3,36,2.1,23.3,2
Vernon Davis,2TM,31,,15,9,58,38,65.50%,395,10.4,0,43,2.5,26.3,0
Vincent Brown,SDG,26,,1,0,2,1,50.00%,22,22,0,22,1,22,0
Vincent Jackson,TAM,32,WR,10,9,62,33,53.20%,543,16.5,3,36,3.3,54.3,0
Virgil Green,DEN,27,FB/TE,16,5,15,12,80.00%,173,14.4,1,32,0.8,10.8,0
Wes Welker,STL,34,,8,0,22,13,59.10%,102,7.8,0,14,1.6,12.8,0
Wesley Johnson,NYJ,24,C,10,1,1,1,100.00%,-5,-5,0,-5,0.1,-0.5,0
Will Johnson,PIT,26,FB,16,4,4,2,50.00%,16,8,0,11,0.1,1,0
Will Tukuafu,SEA,31,FB,14,1,1,1,100.00%,7,7,1,7,0.1,0.5,1
Will Tye,NYG,24,TE/WR,13,7,62,42,67.70%,464,11,3,45,3.2,35.7,1
Willie Snead,NOR,23,FB/WR,15,9,101,69,68.30%,984,14.3,3,63,4.6,65.6,2
Zac Stacy,NYJ,24,,8,0,12,9,75.00%,65,7.2,0,16,1.1,8.1,0
Zach Ertz,PHI,25,TE/WR,15,6,112,75,67.00%,853,11.4,2,60,5,56.9,1
Zach Line,MIN,25,FB/TE,16,5,9,6,66.70%,95,15.8,1,49,0.4,5.9,0
Zach Miller,CHI,31,FB/TE,15,14,46,34,73.90%,439,12.9,5,87,2.3,29.3,0
Zach Zenner,DET,24,RB,6,1,3,2,66.70%,11,5.5,0,7,0.3,1.8,0
Zurlon Tipton,IND,25,,10,0,8,5,62.50%,57,11.4,0,27,0.5,5.7,0