date_posted,team,title,discipline,stage,sport,url,comp_floor,comp_ceiling
2025-04-03,Miami Marlins,Sr Data Scientist,Analytics,Mid-Career,Baseball,https://www.linkedin.com/jobs/view/4198900419/
2025-04-03,Miami Marlins,Baseball Analyst,Analytics,Entry-Level,Baseball,https://www.linkedin.com/jobs/view/4196475393/
2025-03-27,Jacksonville Jaguars,Data Engineering Intern,Engineering,Internship,Football,https://www.linkedin.com/jobs/view/4192779342/
2025-03-25,Jacksonville Jaguars,Director of Business Analytics,Business,Senior,Football,https://www.linkedin.com/jobs/view/4192467273/
2025-03-25,Tampa Bay Lightning,Director of DevOps & Data Engineering,Engineering,Senior,Hockey,https://www.linkedin.com/jobs/view/4192453658/
2025-03-24,Las Vegas Raiders,Software Developer,Engineering,Entry-Level,Football,https://www.linkedin.com/jobs/view/4192664086/
2025-03-21,German Football Association,Data Scientist,Analytics,Entry-Level,Soccer,https://www.linkedin.com/jobs/view/4185479555/
2025-03-21,San Antonio Spurs,Sr Sports Scientist,Performance,Mid-Career,Basketball,https://www.linkedin.com/jobs/view/4190464489/
2025-03-21,Manchester City,Performance Data Analyst,Performance,Entry-Level,Soccer,https://www.linkedin.com/jobs/view/4190268640/
2025-03-21,Colorado Rapids,Data & Systems Architect,Engineering,Entry-Level,Soccer,https://www.ballarena.com/careers?gnk=job&gni=8a7883ac958c3d280195ba29d1784196,60000,60000
2025-03-21,FC K&oslash;benhavn,Data Engineer,Engineering,Entry-Level,Soccer,https://www.linkedin.com/jobs/view/4139234209/
2025-03-21,Los Angeles Dodgers,Data Engineer,Engineering,Entry-Level,Baseball,https://www.linkedin.com/jobs/view/4187046973/,120000,130000
2025-03-21,Cleveland Cavaliers,Data Scientist,Business,Entry-Level,Basketball,https://www.linkedin.com/jobs/view/4190631600/
2025-03-21,Kansas City Current,Data Strategy & Analytics Fellow,Business,Internship,Soccer,https://www.linkedin.com/jobs/view/4187122787/
2025-03-20,Oakland Athletics,Sr Business Strategy Analyst,Business,Mid-Career,Baseball,https://www.linkedin.com/jobs/view/4186432755/,70000,85000
2025-03-20,Carolina Hurricanes,Business Strategy & Data Analyst,Business,Entry-Level,Hockey,https://www.linkedin.com/jobs/view/4184957494/
2025-03-19,Atlanta Hawks,Sr Director of Data Science,Business,Senior,Basketball,https://www.linkedin.com/jobs/view/4184455512/
2025-03-18,New York Islanders,Business Analyst,Business,Entry-Level,Hockey,https://www.linkedin.com/jobs/view/4188473136/,70000,75000
2025-03-17,NFL Players Association,Director of Data Analytics,Analytics,Senior,Football,https://workforcenow.adp.com/mascsr/default/mdf/recruitment/recruitment.html?cid=c1239854-fcce-478f-927f-a1d5e7b865f8&jobId=582708
2025-03-15,Denver Broncos,Sr Director of Business Intelligence & Analytics,Business,Senior,Football,https://www.linkedin.com/jobs/view/4185035763/,145500,173350
2025-03-14,Tottenham Hotspur,First Team Data Analyst,Analytics,Entry-Level,Soccer,https://www.linkedin.com/jobs/view/4181372849/
2025-03-13,Blueprint Sports,Head of Analytics,Analytics,Mid-Career,Multisport,https://www.linkedin.com/jobs/view/4180278546/,150000,175000
2025-03-12,Chelsea,Data Engineer,Engineering,Entry-Level,Soccer,https://www.linkedin.com/jobs/view/4178787703/
2025-03-12,Chelsea,Full-Stack Web Developer,Engineering,Entry-Level,Soccer,https://www.linkedin.com/jobs/view/4178782909/
2025-03-12,Tampa Bay Lightning,Machine Learning Engineer,Engineering,Entry-Level,Hockey,https://www.linkedin.com/jobs/view/4181190068/
2025-03-12,Tampa Bay Lightning,Software Developer,Engineering,Entry-Level,Hockey,https://www.linkedin.com/jobs/view/4182907883/
2025-03-12,Tampa Bay Lightning,Sr Software Engineer,Engineering,Mid-Career,Hockey,https://www.linkedin.com/jobs/view/4182909624/
2025-03-12,Cleveland Cavaliers,Advanced Analytics Summer Assistant,Business,Internship,Basketball,https://www.linkedin.com/jobs/view/4182455088/,30000,30000
2025-03-10,Tokio Marine,Sports Analytics Intern,Analytics,Internship,Multisport,https://www.linkedin.com/jobs/view/4127582690/
2025-03-10,Boston Bruins,Business Strategy Analyst,Business,Entry-Level,Hockey,https://www.teamworkonline.com/hockey-jobs/boston-bruins-jobs/boston-bruins-jobs/business-strategy-analyst-2114212,56800,76700
2025-03-04,Angel City FC,Sr Director of Consumer Insights & Data Strategy,Business,Senior,Soccer,https://www.linkedin.com/jobs/view/4172516679/,100000,120000
2025-03-04,Club Brugge,Data Engineer,Engineering,Entry-Level,Soccer,https://jobs.clubbrugge.be/en/data-engineer
2025-03-04,Dutch Football Association,Data Engineer,Engineering,Entry-Level,Soccer,https://www.linkedin.com/jobs/view/4173579135/
2025-03-05,Phoenix Suns,Business Intelligence Analyst,Business,Entry-Level,Basketball,https://www.linkedin.com/jobs/view/4174539085/
2025-03-03,Pittsburgh Steelers,Business Analytics Associate,Business,Internship,Fooball,https://www.linkedin.com/jobs/view/4174688110/
2025-02-28,Miami Heat,Data Analytics Summer Intern,Business,Internship,Basketball,https://www.linkedin.com/jobs/view/4171081062/
2025-02-26,Atlanta Falcons,Jr Football Data Analyst,Analytics,Entry-Level,Football,https://www.linkedin.com/jobs/view/4168496007/
2025-02-25,LA Galaxy,Director of Pro Analytics,Analytics,Senior,Soccer,https://www.teamworkonline.com/multiple-properties/aeg-sports/mls-los-angeles-galaxy/la-galaxy-director-pro-analytics-on-site-2112766,149812,204290
2025-02-25,Pittsburgh Penguins,Business Intelligence Analyst Fellow,Business,Internship,Hockey,https://www.linkedin.com/jobs/view/4163513273/
2025-02-24,SkillCorner,Soccer Prediction Intern,Analytics,Internship,Soccer,https://www.welcometothejungle.com/fr/companies/skillcorner/jobs/stagiaire-prediction-football_paris,15600,15600
2025-02-24,Phoenix Mercury,Performance Scientist Fellow,Performance,Internship,Basketball,https://www.linkedin.com/jobs/view/4160912845/
2025-02-20,Nashville SC,Performance Science Intern (Unpaid),Performance,Internship,Socer,https://www.linkedin.com/jobs/view/4161715535/,0,0
2025-02-19,Atlanta United,Data Scientist,Analytics,Entry-Level,Soccer,https://www.linkedin.com/jobs/view/4158678051/
2025-02-19,Los Angeles Dodgers,Sr Research Engineer,Engineering,Mid-Career,Baseball,https://www.linkedin.com/jobs/view/4158845870/,145000,155000
2025-02-19,Los Angeles Dodgers,Research Engineer,Engineering,Entry-Level,Baseball,https://www.linkedin.com/jobs/view/4158850121/,120000,130000
2025-02-19,Los Angeles Dodgers,Data Engineer,Engineering,Entry-Level,Baseball,https://www.linkedin.com/jobs/view/4158680044/,120000,130000
2025-02-18,Nashville SC,Summer Intern (Unpaid),Business,Internship,Soccer,https://www.linkedin.com/jobs/view/4158407933/,0,0
2025-02-18,Nashville SC,Business Analyst Summer Intern (Unpaid),Business,Internship,Soccer,https://www.linkedin.com/jobs/view/4158407931/,0,0
2025-02-14,Leicester City,First Team Data Analyst,Analytics,Entry-Level,Soccer,https://lcfc.octo-firstclass.co.uk/candidates/c/applicationform/jobpost/188219?aisId=12
2025-02-14,English Football Association,Women's Data Visualization Analyst,Analytics,Part-Time,Soccer,https://www.linkedin.com/jobs/view/4153141812/
2025-02-14,Atlanta Braves,Data Engineer,Engineering,Entry-Level,Baseball,https://www.linkedin.com/jobs/view/4153783287/
2025-02-14,Miami Marlins,Director of Baseball Applications,Engineering,Senior,Baseball,https://www.linkedin.com/jobs/view/4151651424/
2025-02-14,New York Mets,Biomechanics Engineer,Engineering,Entry-Level,Baseball,https://www.linkedin.com/jobs/view/4149768076/,80000,110000
2025-02-13,New York Mets,Engineering Manager,Engineering,Mid-Career,Baseball,https://www.linkedin.com/jobs/view/4149717825/,180000,220000
2025-02-13,New York City FC,Sports Science Intern,Performance,Internship,Soccer,https://www.linkedin.com/jobs/view/4149754140/,33000,33000
2025-02-12,New York Red Bulls,Data Analyst,Business,Entry-Level,Soccer,https://www.linkedin.com/jobs/view/4149937986/
2025-02-12,New York Red Bulls,Data Science Summer Intern (Unpaid),Analytics,Internship,Soccer,https://www.linkedin.com/jobs/view/4149937994/,0,0
2025-02-11,Washington Mystics,Basketball Data Analyst,Analytics,Entry-Level,Basketball,https://www.linkedin.com/jobs/view/4149951800/,80000,105000
2025-02-11,Miami Marlins,Sr Data Engineer,Engineering,Mid-Career,Baseball,https://www.linkedin.com/jobs/view/4149266386/
2025-02-11,Miami Marlins,Data Engineer,Engineering,Entry-Level,Baseball,https://www.linkedin.com/jobs/view/4149235974/
2025-02-11,Houston Rockets,Back-End Data Engineer,Business,Entry-Level,Basketball,https://www.linkedin.com/jobs/view/4150910058/
2025-02-11,Houston Rockets,Front-End Engineer,Business,Entry-Level,Basketball,https://www.linkedin.com/jobs/view/4150157251/
2025-02-08,Houston Astros,Business Strategy & Analytics Apprentice,Business,Internship,Baseball,https://www.linkedin.com/jobs/view/4145300711/
2025-02-07,AZ Alkmaar,Football Data Scientist,Analytics,Entry-Level,Soccer,https://www.werkenbijaz.nl/vacaturebeschrijving/football-data-scientist
2025-02-07,AZ Alkmaar,Football Data Engineer,Engineering,Entry-Level,Soccer,https://www.werkenbijaz.nl/vacaturebeschrijving/data-engineer
2025-02-04,Pittsburgh Pirates,Data Engineer,Engineering,Entry-Level,Baseball,https://pirates.rec.pro.ukg.net/PIT1500PITA/JobBoard/1571bce9-cb30-4961-98da-07b26506146a/OpportunityDetail?opportunityId=bac21026-701a-4d19-b87e-155556d8f8a3
2025-02-04,Tampa Bay Lightning,Data Scientist Assistant,Analytics,Part-Time,Hockey,https://www.teamworkonline.com/hockey-jobs/tampanhl/tampa-bay-lightning-jobs/part-time-data-scientist-assistant-2109782
2025-02-03,Houston Astros,Research & Development Apprentice,Analytics,Internship,Baseball,https://www.teamworkonline.com/baseball-jobs/houstonbaseball/houston-astros/research-development-apprentice-2109550
2025-02-03,Kansas City Chiefs,Data Science Intern,Business,Internship,Football,https://us242.dayforcehcm.com/CandidatePortal/en-US/kccfc/Posting/View/3934
2025-02-03,National Basketball Association,Sr International Data Strategist,Analytics,Mid-Career,Basketball,https://www.linkedin.com/jobs/view/4141131680/,135000,160000
2025-01-31,Toronto Blue Jays,Machine Learning Engineer,Engineering,Entry-Level,Baseball,https://www.teamworkonline.com/baseball-jobs/toronto-blue-jays-jobs/toronto-blue-jays/machine-learning-engineer-baseball-research-2109305
2025-01-31,Boston Red Sox,Baseball Systems Developer,Engineering,Entry-Level,Baseball,https://www.linkedin.com/jobs/view/4139593601/
2025-01-31,Boston Red Sox,Baseball Systems UI/UX Designer,Engineering,Entry-Level,Baseball,https://www.linkedin.com/jobs/view/4139591790/
2025-01-31,Boston Red Sox,DevOps & Site Reliability Engineer,Engineering,Entry-Level,Baseball,https://www.linkedin.com/jobs/view/4139596172/
2025-01-30,Cleat Street,Baseball Quantitative Researcher,Analytics,Entry-Level,Baseball,https://www.linkedin.com/jobs/view/4138706356/
2025-01-30,Indianapolis Colts,Women in Football Fellow,General,Internship,Football,https://www.linkedin.com/jobs/view/4138324682/
2025-01-30,Indianapolis Colts,Football Systems Developer,Engineering,Entry-Level,Football,https://www.linkedin.com/jobs/view/4136846979/
2025-01-30,Kansas City Current,Data Strategy & Analytics Intern,Business,Internship,Soccer,https://www.linkedin.com/jobs/view/4138846353/
2025-01-30,Pittsburgh Penguins,Sr Business Intelligence Analyst,Business,Mid-Career,Hockey,https://www.linkedin.com/jobs/view/4136827626/
2025-01-28,University of Cincinnati,Director of Applied Sports Science,Performance,Senior,Multisport,https://www.linkedin.com/jobs/view/4137297436/
2025-01-28,Philadelphia Phillies,Lab Associate,Performance,Entry-Level,Baseball,https://www.linkedin.com/jobs/view/4137051752/
2025-01-27,Chicago Fire FC,Performance Scientist,Performance,Entry-Level,Soccer,https://www.linkedin.com/jobs/view/4134836754/,90000,110000
2025-01-27,Arizona Cardinals,Analytics Training Camp Assistant,Analytics,Internship,Football,https://www.linkedin.com/jobs/view/4137217749/
2025-01-27,Arizona Cardinals,Systems Developer Training Camp Assistant,Engineering,Internship,Football,https://www.linkedin.com/jobs/view/4137217748/
2025-01-25,University of Notre Dame,Sports Data Analytics Associate,Performance,Entry-Level,Multisport,https://www.linkedin.com/jobs/view/4134459304/
2025-01-24,Aston Villa,Lead Data Analyst,Analytics,Entry-Level,Soccer,https://careers.avfc.co.uk/job/lead-data-analyst
2025-01-24,Oakland Athletics,Data Scientist,Analytics,Entry-Level,Baseball,https://job-boards.greenhouse.io/athleticsbaseballops/jobs/7828385002
2025-01-24,Oakland Athletics,Advance Scouting Intern,Analytics,Internship,Baseball,https://job-boards.greenhouse.io/athleticsbaseballops/jobs/7826157002
2025-01-24,Kansas City Royals,Pro Player Analyst,Analytics,Entry-Level,Baseball,https://www.teamworkonline.com/baseball-jobs/kansas-city-royals-jobs/kansas-city-royals/pro-player-analyst-2108009
2025-01-23,Los Angeles Dodgers,Jr Baseball Strategy & Information Analyst,Analytics,Entry-Level,Baseball,https://www.linkedin.com/jobs/view/4132155569/,46000,46000
2025-01-22,New Jersey Devils,Sr Data Scientist,Analytics,Mid-Career,Hockey,https://www.linkedin.com/jobs/view/4132381264/
2025-01-22,Kansas City Royals,Baseball Systems Developer,Engineering,Entry-Level,Baseball,https://www.teamworkonline.com/baseball-jobs/kansas-city-royals-jobs/kansas-city-royals/developer-baseball-systems-2107654
2025-01-22,Colorado Rockies,Data Engineer,Engineering,Entry-Level,Baseball,https://www.linkedin.com/jobs/view/4131958111/,95000,110000
2025-01-22,Monaco,Data Engineer,Engineering,Part-Time,Soccer,https://www.linkedin.com/jobs/view/4131717286/
2025-01-22,Washington Nationals,Business Analytics Intern,Business,Internship,Baseball,https://www.linkedin.com/jobs/view/4132377647/,35000,35000
2025-01-21,Chicago White Sox,Biomechanist,Performance,Entry-Level,Baseball,https://www.teamworkonline.com/baseball-jobs/chicago-white-sox/chicago-white-sox-/biomechanist-2107325
2025-01-17,Charlotte Hornets,Basketball Data Scientist,Analytics,Entry-Level,Basketball,https://www.linkedin.com/jobs/view/4015540852/
2025-01-17,Detroit Tigers,Director of Baseball Strategy,Analytics,Senior,Baseball,https://ilitch.wd5.myworkdayjobs.com/en-US/Detroit-Tigers/details/Director-of-Baseball-Strategy_R6050
2025-01-17,St Louis Cardinals,Business Strategy & Analytics Intern,Business,Internship,Baseball,https://www.linkedin.com/jobs/view/4129982254/
2025-01-15,Arsenal,Research Engineer,Engineering,Entry-Level,Soccer,https://www.linkedin.com/jobs/view/4125815992/
2025-01-15,Cincinnati Reds,Baseball Application Developer,Engineering,Entry-Level,Baseball,https://www.linkedin.com/jobs/view/4125691778/
2025-01-15,Cincinnati Reds,Baseball Systems Intern,Engineering,Internship,Baseball,https://www.linkedin.com/jobs/view/4125693731/
2025-01-14,Major League Soccer,Director of Business Insights & Analytics,Business,Senior,Soccer,https://www.linkedin.com/jobs/view/4122654828/
2025-01-11,San Francisco Giants,Business Analyst,Business,Entry-Level,Baseball,https://www.linkedin.com/jobs/view/4122421761/,80000,85000
2025-01-10,Indiana Pacers,Basketball Analytics Summer Intern,Analytics,Internship,Basketball,https://www.linkedin.com/jobs/view/4122312221/
2025-01-10,St Louis Cardinals,Business Analytics Manager,Business,Mid-Career,Baseball,https://www.linkedin.com/jobs/view/4122577054/
2025-01-09,Minnesota Twins,Sports Science Assistant Director/Research Lead,Performance,Mid-Career,Baseball,https://www.linkedin.com/jobs/view/4118690677/,85000,136800
2025-01-09,Minnesota Twins,Sports Science Analyst,Performance,Entry-Level,Baseball,https://www.linkedin.com/jobs/view/4118690664/,60000,96900
2025-01-08,Philadelphia Phillies,Lead/Sr Quantitative Analyst,Analytics,Mid-Career,Baseball,https://www.linkedin.com/jobs/view/4119091640/
2025-01-08,Chicago Cubs,Sports Science Coordinator,Performance,Entry-Level,Baseball,https://my1060wd.wd5.myworkdayjobs.com/Chicago_Cubs_FO/job/Chicago-Illinois/Sports-Science-Coordinator_R001181
2025-01-07,Inter Miami CF,Business Insights Analyst,Business,Entry-Level,Soccer,https://www.linkedin.com/jobs/view/4118375497/
2024-12-27,Cleveland Guardians,Baseball Operations Analyst,Analytics,Entry-Level,Baseball,https://job-boards.greenhouse.io/clevelandguardiansbops/jobs/7781871002
2024-12-24,Brentford,Data Scientist,Performance,Entry-Level,Soccer,https://www.linkedin.com/jobs/view/4109248941/
2024-12-20,Dartmouth College,Sports Data & Analytics Program Manager,Analytics,Mid-Career,Multisport,https://www.linkedin.com/jobs/view/4106267777/
2024-12-20,Columbus Crew,Software Developer,Engineering,Entry-Level,Soccer,https://www.linkedin.com/jobs/view/4106777762/
2024-12-20,Minnesota Lynx,Basketball Analyst,Analytics,Entry-Level,Basketball,https://www.linkedin.com/jobs/view/4104229723/
2024-12-20,Washington Nationals,Baseball Research & Development Intern,Analytics,Internship,Baseball,https://www.linkedin.com/jobs/view/4107123314/,35000,35000
2024-12-20,New Jersey Devils,Data Engineer,Engineering,Entry-Level,Hockey,https://www.linkedin.com/jobs/view/4106024117/
2024-12-20,Bay FC,Sr Business Analytics & Insights Associate,Business,Mid-Career,Soccer,https://www.linkedin.com/jobs/view/4104260176/
2024-12-20,Indiana Pacers,Business Intelligence Manager,Business,Mid-Career,Basketball,https://www.linkedin.com/jobs/view/4106325757/
2024-12-19,US Soccer Federation,Junior Software/Data Visualization Developer,Engineering,Entry-Level,Soccer,https://www.linkedin.com/jobs/view/4105551859/
2024-12-19,AFC Bournemouth,Lead Performance Data Engineer,Engineering,Mid-Career,Soccer,https://www.linkedin.com/jobs/view/4105058194/
2024-12-19,Cincinnati Reds,Applied Biomechanics Associate,Performance,Entry-Level,Baseball,https://www.linkedin.com/jobs/view/4104208570/
2024-12-17,Los Angeles Angels,Research & Development Analyst,Analytics,Entry-Level,Baseball,https://recruiting2.ultipro.com/ANG1000ANGEL/JobBoard/c2c34b69-1480-428d-a3a9-c45e8297edb3/OpportunityDetail?opportunityId=46a282c1-f5bc-4ed1-b38d-0ad62db0f39f
2024-12-17,Chicago Fire FC,Director of Business Strategy & Analytics,Business,Senior,Soccer,https://www.paycomonline.net/v4/ats/web.php/jobs/ViewJobDetails?job=169295
2024-12-16,NJ/NY Gotham FC,Assistant General Manager,General,Senior,Soccer,https://www.teamworkonline.com/soccer-jobs/nwslsoccer/gotham-fc-jobs/assistant-general-manager-2102405
2024-12-16,Orlando City,Head of Analytics & Insights,Analytics,Mid-Career,Soccer,https://www.linkedin.com/jobs/view/4102614102/
2024-12-16,Orlando City,Data Engineer,Engineering,Entry-Level,Soccer,https://www.linkedin.com/jobs/view/4102611360/
2024-12-16,Borussia Dortmund,Data Engineer,Engineering,Entry-Level,Soccer,https://expertinnen-bvb.career.softgarden.de/jobs/51892748/Data-Engineer-m-w-d-/
2024-12-15,Atlanta United,Head of Sports Science & Performance Analytics,Performance,Mid-Career,Soccer,https://ambgroup.wd1.myworkdayjobs.com/en-US/AMBSE/job/Head-of-Sports-Science---Performance-Analytics---Atlanta-United-FC_R0027669-1
2024-12-15,Indianapolis Colts,Business Analytics Intern,Business,Internship,Football,https://jobs.dayforcehcm.com/en-US/indianapoliscolts/CANDIDATEPORTAL/jobs/1594
2024-12-14,US Soccer Federation,Research and Innovation Manager,Analytics,Mid-Career,Soccer,https://www.linkedin.com/jobs/view/4100918057/
2024-12-13,Angel City FC,Sports Scientist,Performance,Entry-Level,Soccer,https://www.linkedin.com/jobs/view/4095615994/,100000,110000
2024-12-12,Miami Marlins,Player Development Analytics Fellow,Analytics,Internship,Baseball,https://www.linkedin.com/jobs/view/4098639184/
2024-12-12,PFF FC,Sr Data Engineer,Engineering,Mid-Career,Soccer,https://www.linkedin.com/jobs/view/4094482603/
2024-12-11,Los Angeles Sparks,Basketball Analytics Intern,Analytics,Internship,Basketball,https://www.teamworkonline.com/basketball-jobs/nbateamjobs/los-angeles-sparks/basketball-analytics-intern-2102649
2024-12-11,San Diego Wave FC,Sports Scientist,Performance,Entry-Level,Soccer,https://www.linkedin.com/jobs/view/4094028055/
2024-12-11,San Francisco 49ers,Director of Business Analytics,Business,Senior,Football,https://www.linkedin.com/jobs/view/4097040371/,160000,185000
2024-12-11,Cincinnati Reds,Business Analyst Intern,Business,Internship,Baseball,https://www.linkedin.com/jobs/view/4095135230/
2024-12-10,Austin FC,Data Engineer/Analyst Intern (Unpaid),Analytics,Internship,Soccer,https://www.teamworkonline.com/soccer-jobs/austin-fc/austin-fc-jobs/data-engineer-analyst-internship-2102452
2024-12-07,Los Angeles FC,Business & Data Strategy Analyst,Business,Entry-Level,Soccer,https://www.linkedin.com/jobs/view/4092115912/,80000,100000
2024-12-07,National Football League,Graduate Summer Intern,Analytics,Internship,Football,https://www.linkedin.com/jobs/view/4092019247/,64000,64000
2024-12-06,Los Angeles Angels,Baseball Systems Developer,Engineering,Entry-Level,Baseball,https://www.linkedin.com/jobs/view/4092163871/,95000,110000
2024-12-06,Chicago White Sox,Research & Development Intern,Analytics,Internship,Baseball,https://recruiting2.ultipro.com/CHI1000CWS/JobBoard/8e2339b4-b699-46e9-8b91-e3e826e53794/OpportunityDetail?opportunityId=fbb545c9-3950-41bc-b1f3-61606584de75
2024-12-06,Union Berlin,Data Engineering/Analysis Intern,Engineering,Internship,Soccer,https://www.fc-union-berlin.de/de/union-live/stellenangebote/werkstudent-data-engineering/https://www.fc-union-berlin.de/de/union-live/stellenangebote/werkstudent-data-engineering/
2024-12-05,Syracuse University,Assistant Professor of Sport Analytics,Analytics,Faculty,Multisport,https://www.linkedin.com/jobs/view/4090772069/
2024-12-05,PFF FC,Sr Data Scientist,Analytics,Mid-Career,Soccer,https://www.linkedin.com/jobs/view/4090957997/
2024-12-05,Cincinnati Reds,Applied Sports Science Associate,Performance,Entry-Level,Baseball,https://www.linkedin.com/jobs/view/4093166865/
2024-12-05,National Football League,Director of Data & Analytics Club Business Support,Business,Senior,Football,https://www.linkedin.com/jobs/view/4091607295/,190000,225000
2024-12-04,National Basketball Association,Staff Software Engineer & System Architect,Engineering,Senior,Basketball,https://www.linkedin.com/jobs/view/4089450987/,175000,210000
2024-12-03,Inter Miami CF,First Team Sports Scientist,Performance,Entry-Level,Soccer,https://www.linkedin.com/jobs/view/4090090230/
2024-12-03,Chicago White Sox,Applied Sports Science Intern,Performance,Internship,Baseball,https://recruiting2.ultipro.com/CHI1000CWS/JobBoard/8e2339b4-b699-46e9-8b91-e3e826e53794/OpportunityDetail?opportunityId=98cddcbf-c37e-4df1-93e9-e57db3291803
2024-12-03,Los Angeles Dodgers,Data Engineering Fellow,Business,Internship,Baseball,https://www.teamworkonline.com/baseball-jobs/los-angeles-dodgers-jobs/los-angeles-dodgers/data-engineering-fellow-2101534
2024-12-02,Los Angeles Dodgers,Quantitative Analysis Intern,Analytics,Internship,Baseball,https://www.linkedin.com/jobs/view/4087450231/,35000,35000
2024-12-02,Los Angeles Dodgers,Baseball Systems Intern,Engineering,Internship,Baseball,https://www.linkedin.com/jobs/view/4087447534/,35000,35000
2024-12-02,Los Angeles Dodgers,Performance Science Intern,Performance,Internship,Baseball,https://www.linkedin.com/jobs/view/4087448395/,35000,35000
2024-12-02,Los Angeles Dodgers,Baseball Strategy & Information Intern,Analytics,Internship,Baseball,https://www.linkedin.com/jobs/view/4087448396/,35000,35000
2024-12-02,Los Angeles Dodgers,Business Strategy & Analytics Fellow,Business,Internship,Baseball,https://www.linkedin.com/jobs/view/4087448394/,43000,43000
2024-12-02,Buffalo Bills,Sr Director of Business Analytics,Business,Senior,Football,https://recruiting.ultipro.com/HOC10001BFLO/JobBoard/fe63f75a-e850-45d2-8772-63a210927fdc/OpportunityDetail?opportunityId=db95410d-3767-439b-917e-da0c61c77a07
2024-11-28,San Francisco Giants,Baseball Operations Associate Analyst,Analytics,Internship,Baseball,https://www.linkedin.com/jobs/view/4085829686/
2024-11-28,National Basketball Association,DevOps Engineer,Engineering,Entry-Level,Basketball,https://www.linkedin.com/jobs/view/4084657231/,115000,145000
2024-11-27,LA Galaxy,Sr Data Engineer,Engineering,Mid-Career,Soccer,https://www.linkedin.com/jobs/view/4084573076/,120000,130000
2024-11-26,New England Revolution,Sports Performance Scientist Analyst,Performance,Entry-Level,Soccer,https://www.linkedin.com/jobs/view/4083243044/
2024-11-25,Chicago Cubs,Machine Learning Engineer,Engineering,Entry-Level,Baseball,https://my1060wd.wd5.myworkdayjobs.com/Chicago_Cubs_FO/job/Chicago-Illinois/Machine-Learning-Engineer--Baseball-Analytics_R001169
2024-11-25,Tampa Bay Rays,Research & Development Intern,Analytics,Internship,Baseball,https://www.linkedin.com/jobs/view/4082644299/
2024-11-25,Tampa Bay Rays,Baseball Performance Science Intern,Analytics,Internship,Baseball,https://www.linkedin.com/jobs/view/4082641801/
2024-11-25,Baltimore Orioles,Major League Operations & Strategy Fellow,Analytics,Internship,Baseball,https://www.teamworkonline.com/baseball-jobs/orioles-jobs/baltimore-orioles-jobs/fellow-major-league-operations-strategy-2101106
2024-11-25,Baltimore Orioles,Major League Development Analyst,Analytics,Entry-Level,Baseball,https://www.teamworkonline.com/baseball-jobs/orioles-jobs/baltimore-orioles-jobs/analyst-major-league-development-2101089
2024-11-25,Baltimore Orioles,Major League Strategy Analyst,Analytics,Entry-Level,Baseball,https://www.teamworkonline.com/baseball-jobs/orioles-jobs/baltimore-orioles-jobs/analyst-major-league-strategy-2101086
2024-11-22,Baltimore Orioles,Major League Operations Analyst,Analytics,Entry-Level,Baseball,https://www.teamworkonline.com/baseball-jobs/orioles-jobs/baltimore-orioles-jobs/analyst-major-league-operations-2101031
2024-11-22,Everton,Jr Data Engineer,Engineering,Entry-Level,Soccer,https://evertonfc.wd3.myworkdayjobs.com/en-US/Everton-Careers/job/Finch-Farm-Liverpool/Junior-Data-Engineer_R2234
2024-11-22,National Basketball Association,Associate DevOps Engineer,Engineering,Entry-Level,Basketball,https://www.linkedin.com/jobs/view/4080574939/,97000,110000
2024-11-21,Leicester City,Data Engineer,Engineering,Entry-Level,Soccer,https://www.linkedin.com/jobs/view/4080057358/
2024-11-21,Phoenix Mercury,Sr Software Engineer,Engineering,Mid-Career,Basketball,https://www.linkedin.com/jobs/view/4082049769/
2024-11-21,National Basketball Association,Machine Learning Software Engineer,Engineering,Entry-Level,Basketball,https://www.linkedin.com/jobs/view/4078876387/,130000,165000
2024-11-21,Miami Heat,Data Analyst,Business,Entry-Level,Basketball,https://www.linkedin.com/jobs/view/4079631218/
2024-11-20,Leeds United,Data Scientist,Analytics,Entry-Level,Soccer,https://www.linkedin.com/feed/update/urn:li:activity:7265086937026150400/
2024-11-20,Houston Astros,Software Development Tech Lead,Engineering,Mid-Career,Baseball,https://www.linkedin.com/jobs/view/4083511437/
2024-11-20,Houston Astros,Full-Stack Developer,Engineering,Entry-Level,Baseball,https://www.linkedin.com/jobs/view/4083509537/
2024-11-20,Houston Astros,Data Engineer,Engineering,Entry-Level,Baseball,https://www.linkedin.com/jobs/view/4078427663/
2024-11-20,Los Angeles Kings,Data Engineer Spring Intern,Business,Internship,Hockey,https://www.teamworkonline.com/hockey-jobs/los-angeles-kings-jobs/los-angeles-kings-28605/spring-intern-data-engineer-la-kings-2100459
2024-11-19,1. FC K&ouml;ln,Data Engineer Intern,Engineering,Internship,Soccer,https://www.linkedin.com/jobs/view/4077682918/
2024-11-19,USA Baseball,Baseball Systems and Analytics Intern,Analytics,Internship,Baseball,https://www.teamworkonline.com/baseball-jobs/baseballjobs/usa-baseball/intern-baseball-systems-and-analytics-2100242
2024-11-16,Chicago Fire FC,Data Scientist,Analytics,Entry-Level,Soccer,https://www.linkedin.com/jobs/view/4076396125/
2024-11-16,Chicago Fire FC,Software Engineer,Engineering,Entry-Level,Soccer,https://www.teamworkonline.com/soccer-jobs/chicago-fire-fc/chicago-fire/software-engineer-2100233
2024-11-16,San Diego Padres,Full-Stack Developer,Engineering,Entry-Level,Baseball,https://www.linkedin.com/jobs/view/4078223836/,100000,120000
2024-11-16,San Diego Padres,Data Engineer,Engineering,Entry-Level,Baseball,https://www.linkedin.com/jobs/view/4078227221/,100000,120000
2024-11-16,Hyannis Harbor Hawks,Baseball Operations Intern (Unpaid),Analytics,Internship,Baseball,https://x.com/nicholasmilo/status/1857838509392015865
2024-11-15,Inter Miami CF,Data Engineer,Engineering,Entry-Level,Soccer,https://www.linkedin.com/jobs/view/4074621756/
2024-11-14,Detroit Red Wings,Full-Stack Software Engineer,Engineering,Entry-Level,Hockey,https://ilitch.wd5.myworkdayjobs.com/en-US/Detroit-Red-Wings/job/Full-Stack-Software-Engineer_R5168
2024-11-14,National Basketball Association,Sr DevOps Engineer,Engineering,Mid-Career,Basketball,https://www.linkedin.com/jobs/view/4074482124/,145000,175000
2024-11-12,Liverpool,Jr Data Analyst,Analytics,Entry-Level,Soccer,https://www.linkedin.com/jobs/view/4074307760/
2024-11-12,Philadelphia Eagles,Software Developer,Engineering,Entry-Level,Football,https://www.linkedin.com/jobs/view/4074344067/
2024-11-12,Detroit Red Wings,Director of Business Analytics,Business,Senior,Hockey,https://www.linkedin.com/jobs/view/4072480927/
2024-11-12,Baltimore Orioles,Baseball Strategy & Operations Fellow,Analytics,Internship,Baseball,https://www.teamworkonline.com/baseball-jobs/orioles-jobs/baltimore-orioles-jobs/fellow-baseball-strategy-and-operations-2099689
2024-11-11,Real Salt Lake,VP of Strategy & Analytics,Business,Senior,Soccer,https://www.linkedin.com/jobs/view/4071771285/
2024-11-08,Wycombe Wanderers,First Team Data Research & Insights Analyst,Analytics,Entry-Level,Soccer,https://www.wwfc.com/news/2024/november/08/recruiting-first-team-data-research-insights-analyst/
2024-11-08,Philadelphia Phillies,Baseball Operations Analyst Intern,Analytics,Internship,Baseball,https://www.linkedin.com/jobs/view/4072341552/
2024-11-07,Buffalo Sabres,Data Analyst,Business,Entry-Level,Hockey,https://www.linkedin.com/jobs/view/4071833347/,65000,68000
2024-11-07,AFC Bournemouth,Lead Performance Data Engineer,Engineering,Mid-Career,Soccer,https://trainingground.guru/job/lead-performance-data-engineer-afc-bournemouth/
2024-11-07,New York Yankees,Advance Scouting Analyst,Analytics,Entry-Level,Baseball,https://www.teamworkonline.com/baseball-jobs/new-york-yankees/new-york-yankees/advance-scouting-analyst-2099236
2024-11-07,Chicago White Sox,Data Engineer,Engineering,Entry-Level,Baseball,https://recruiting2.ultipro.com/CHI1000CWS/JobBoard/8e2339b4-b699-46e9-8b91-e3e826e53794/OpportunityDetail?opportunityId=69a20436-6e18-4b07-8fc7-113ad64bd114
2024-11-07,Chicago White Sox,Full-Stack Engineer,Engineering,Entry-Level,Baseball,https://recruiting2.ultipro.com/CHI1000CWS/JobBoard/8e2339b4-b699-46e9-8b91-e3e826e53794/OpportunityDetail?opportunityId=d7abb8e1-ed5b-406f-8718-17910d2b2165
2024-11-06,Lyon,Data Engineer,Engineering,Entry-Level,Soccer,https://www.linkedin.com/jobs/view/4067694061/
2024-11-05,Philadelphia Phillies,Lead Quantitative Analyst,Analytics,Mid-Career,Baseball,https://www.linkedin.com/jobs/view/4068284542/
2024-11-05,Philadelphia Eagles,Sr Quantitative Analyst,Analytics,Mid-Career,Football,https://www.linkedin.com/jobs/view/4067136211/
2024-11-04,Philadelphia Eagles,Quantitative Analyst,Analytics,Entry-Level,Football,https://www.linkedin.com/jobs/view/4068293637/
2024-11-04,Colorado Rockies,Lead Analyst,Analytics,Mid-Career,Baseball,https://www.linkedin.com/jobs/view/4068479525/,125000,145000
2024-11-01,San Antonio Spurs,Basketball Modeling Operations Engineer,Engineering,Entry-Level,Basketball,https://www.linkedin.com/jobs/view/4066117285/
2024-10-31,Chicago Cubs,Software Engineer Fellow,Engineering,Internship,Baseball,https://my1060wd.wd5.myworkdayjobs.com/en-US/Chicago_Cubs_FO/job/Software-Engineer-Fellow--Baseball-Systems_R001134
2024-10-31,Arizona Diamondbacks,Data Engineer,Engineering,Entry-Level,Baseball,https://www.linkedin.com/jobs/view/4064979669/
2024-10-31,Newcastle United,Lead Data Analyst,Business,Mid-Career,Soccer,https://www.linkedin.com/jobs/view/4064620694/
2024-10-30,CF Montreal,Head of Sporting Analytics & Insight,Analytics,Mid-Career,Soccer,https://www.linkedin.com/jobs/view/4063824779/
2024-10-30,Los Angeles FC,Performance Scientist,Performance,Entry-Level,Soccer,https://www.linkedin.com/jobs/view/4064894859/,70000,75000
2024-10-30,Chicago Blackhawks,Research Scientist Intern,Analytics,Internship,Hockey,https://www.linkedin.com/jobs/view/4064320753/
2024-10-30,Chicago Blackhawks,Software Engineer Intern,Engineering,Internship,Hockey,https://www.linkedin.com/jobs/view/4062423434/
2024-10-29,Milwaukee Brewers,Baseball Systems Intern,Engineering,Internship,Baseball,https://www.linkedin.com/jobs/view/4062536497/
2024-10-29,Toronto Blue Jays,Sr Developer,Engineering,Mid-Career,Baseball,https://www.teamworkonline.com/baseball-jobs/toronto-blue-jays-jobs/toronto-blue-jays/senior-developer-baseball-systems-2098142
2024-10-29,Toronto Blue Jays,Sr Data Engineer,Engineering,Mid-Career,Baseball,https://www.teamworkonline.com/baseball-jobs/toronto-blue-jays-jobs/toronto-blue-jays/senior-data-engineer-baseball-systems-2098143
2024-10-29,New York Red Bulls,Data Science Spring Intern (Unpaid),Analytics,Internship,Soccer,https://www.linkedin.com/jobs/view/4061966010/,0,0
2024-10-29,Nashville SC,Technical Analytics Spring Intern (Unpaid),Analytics,Internship,Soccer,https://www.linkedin.com/jobs/view/4063387305/,0,0
2024-10-29,Nashville SC,Business Analyst Spring Intern (Unpaid),Business,Internship,Soccer,https://www.linkedin.com/jobs/view/4062729924/,0,0
2024-10-25,Teamworks,Machine Learning Engineer,Engineering,Entry-Level,Multisport,https://www.linkedin.com/jobs/view/4059259559/
2024-10-25,Teamworks,Data Engineer,Engineering,Entry-Level,Multisport,https://www.linkedin.com/jobs/view/4059261459/
2024-10-25,Houston Astros,Performance Science Manager,Performance,Mid-Career,Baseball,https://www.linkedin.com/jobs/view/4058836682/
2024-10-25,Houston Astros,Performance Science Analyst,Performance,Entry-Level,Baseball,https://www.linkedin.com/jobs/view/4058833880/
2024-10-24,National Hockey League,Director of Data Science,Business,Senior,Hockey,https://www.linkedin.com/jobs/view/4058461494/,180000,200000
2024-10-23,Minnesota Twins,Advance Scouting Analyst,Analytics,Entry-Level,Baseball,https://www.linkedin.com/jobs/view/4058075978/
2024-10-23,Orlando Magic,Research Engineer,Engineering,Entry-Level,Basketball,https://www.linkedin.com/jobs/view/4056831346/
2024-10-23,Miami Heat,Data Engineer,Engineering,Entry-Level,Basketball,https://www.linkedin.com/jobs/view/4056820835/
2024-10-23,Nashville SC,Director of High Performance,Performance,Senior,Soccer,https://www.linkedin.com/jobs/view/4059625085/
2024-10-22,Toronto Blue Jays,Data Scientist,Analytics,Entry-Level,Baseball,https://www.teamworkonline.com/baseball-jobs/toronto-blue-jays-jobs/toronto-blue-jays/data-scientist-2097464
2024-10-22,Toronto Blue Jays,Biomechanist,Performance,Entry-Level,Baseball,https://www.teamworkonline.com/baseball-jobs/toronto-blue-jays-jobs/toronto-blue-jays/biomechanist-2097292
2024-10-22,National Basketball Association,Game Analytics & Strategy Data Scientist,Analytics,Entry-Level,Basketball,https://www.linkedin.com/jobs/view/4055550594/,170000,190000
2024-10-21,Phoenix Mercury,Data Analyst,Analytics,Entry-Level,Basketball,https://www.linkedin.com/jobs/view/4056118878/
2024-10-21,Blackburn Rovers,Head of Data Science & Football Insights,Analytics,Mid-Career,Soccer,https://s3.eu-west-1.amazonaws.com/gc-media-assets.gc.roversservices.co.uk/73c3ed00-8fb4-11ef-9cd5-951aa98f9243.pdf
2024-10-21,Pittsburgh Penguins,Hockey Research & Development Summer Intern,Analytics,Internship,Hockey,https://www.linkedin.com/jobs/view/4054412875/
2024-10-21,Pittsburgh Penguins,Hockey Research & Development Fellow,Analytics,Internship,Hockey,https://www.linkedin.com/jobs/view/4054417401/
2024-10-19,Detroit Tigers,Machine Learning Engineer,Engineering,Entry-Level,Baseball,https://www.linkedin.com/jobs/view/4053515090/
2024-10-18,Arizona Diamondbacks,Baseball Research & Development Associate,Analytics,Internship,Baseball,https://www.teamworkonline.com/baseball-jobs/arizona-diamondbacks-jobs/arizona-diamondbacks/associate-baseball-research-development-2097097
2024-10-18,New York Mets,Biomechanics Associate,Performance,Internship,Baseball,https://www.linkedin.com/jobs/view/4053092286/
2024-10-18,Texas Rangers,Software Developer,Engineering,Entry-Level,Baseball,https://rangersmlb.wd5.myworkdayjobs.com/Rangers/job/Arlington-TX/Software-Developer_R1548
2024-10-18,Major League Soccer,Data Engineer,Engineering,Entry-Level,Soccer,https://www.linkedin.com/jobs/view/4053403660/,90000,115000
2024-10-17,Houston Astros,Business Strategy & Analytics Spring Intern,Business,Internship,Baseball,https://www.linkedin.com/jobs/view/4049885981/
2024-10-17,New York Mets,Applied Biomechanics Engineer,Performance,Entry-Level,Baseball,https://sterlingmets.wd5.myworkdayjobs.com/en-US/Mets/job/Applied-Biomechanics-Engineer_R1165
2024-10-16,Kansas City Royals,Amateur Draft Analyst,Analytics,Entry-Level,Baseball,https://www.linkedin.com/jobs/view/4052361088/
2024-10-16,Washington Nationals,Biomechanist,Performance,Entry-Level,Baseball,https://www.linkedin.com/jobs/view/4048241869/,60000,65000
2024-10-16,Colorado Rockies,Performance Lab Coordinator,Performance,Entry-Level,Baseball,https://www.linkedin.com/jobs/view/4051939339/
2024-10-16,San Diego Padres,Sports Science Intern,Performance,Internship,Baseball,https://www.linkedin.com/jobs/view/4051996174,29000,32000
2024-10-15,St Louis Cardinals,Data Scientist,Analytics,Entry-Level,Baseball,https://www.linkedin.com/jobs/view/4051961966/
2024-10-15,St Louis Cardinals,MLB Analyst,Analytics,Entry-Level,Baseball,https://www.linkedin.com/jobs/view/4051964744/
2024-10-15,St Louis Cardinals,Baseball Development Fellow,Analytics,Internship,Baseball,https://www.linkedin.com/jobs/view/4051965663/
2024-10-15,St Louis Cardinals,Machine Learning Engineer,Engineering,Entry-Level,Baseball,https://www.linkedin.com/jobs/view/4051964737/
2024-10-15,St Louis Cardinals,Data Engineer,Engineering,Entry-Level,Baseball,https://www.linkedin.com/jobs/view/4051959978/
2024-10-15,St Louis Cardinals,Application Developer,Engineering,Entry-Level,Baseball,https://www.linkedin.com/jobs/view/4051966666/
2024-10-15,Newcastle United,Loans & Recruitment Sports Scientist,Performance,Entry-Level,Soccer,https://www.linkedin.com/jobs/view/4051025581/
2024-10-14,Manchester City,Jr Data Scientist,Analytics,Entry-Level,Soccer,https://www.linkedin.com/jobs/view/4051039356/
2024-10-14,Manchester City,Jr Analytics Engineer,Engineering,Entry-Level,Soccer,https://www.linkedin.com/jobs/view/4051055584/
2024-10-14,Stoke City,First Team Recruitment Data Lead,Analytics,Mid-Career,Soccer,https://www.stokecityfc.com/news/2024/october/14/vacancy-first-team-recruitment-data-lead/
2024-10-14,Philadelphia Phillies,Lab Analyst,Performance,Entry-Level,Baseball,https://www.linkedin.com/jobs/view/4051510294/
2024-10-11,Detroit Tigers,Performance Science Analyst,Performance,Entry-Level,Baseball,https://ilitch.wd5.myworkdayjobs.com/Detroit-Tigers/job/Lakeland/Analyst--Performance-Science_R5011
2024-10-10,San Antonio Spurs,Basketball Analytics Assistant,Analytics,Entry-Level,Basketball,https://www.linkedin.com/jobs/view/4047074769/
2024-10-09,Arizona Diamondbacks,Business Analytics Intern,Business,Internship,Baseball,https://www.linkedin.com/jobs/view/4046271852/
2024-10-09,Norwegian Football Association,Performance Development Lead,Analytics,Mid-Career,Soccer,https://www.linkedin.com/jobs/view/4047205256/
2024-10-08,Calgary Flames,Data Analyst,Analytics,Entry-Level,Hockey,https://recruiting.ultipro.ca/CAL5002/JobBoard/cd9d4411-045b-424a-96d6-3d101e8c9fd3/OpportunityDetail?opportunityId=a6989e0b-4762-49c7-be23-f089fabe0646
2024-10-08,Calgary Flames,Hockey Systems Developer,Engineering,Entry-Level,Hockey,https://recruiting.ultipro.ca/CAL5002/JobBoard/cd9d4411-045b-424a-96d6-3d101e8c9fd3/OpportunityDetail?opportunityId=74a0ba1e-cc09-42b0-841a-574d995b1bc7
2024-10-07,Red Bull Racing,Data Scientist,Analytics,Entry-Level,Formula 1,https://www.linkedin.com/jobs/view/4041964959/
2024-10-07,Toronto Blue Jays,Baseball Operations Entry Level Opportunities,Analytics,Entry-Level,Baseball,https://www.teamworkonline.com/baseball-jobs/toronto-blue-jays-jobs/toronto-blue-jays/baseball-operations-entry-level-opportunities-2095859
2024-10-07,Indiana Pacers,Basketball Analytics Spring Intern,Analytics,Internship,Basketball,https://www.linkedin.com/jobs/view/4045205143/
2024-10-07,Oakland Athletics,Sports Science Analyst,Performance,Entry-Level,Baseball,https://job-boards.greenhouse.io/athleticsbaseballops/jobs/7674065002
2024-10-07,National Basketball Association,Undergraduate Data Intern,Analytics,Internship,Basketball,https://www.linkedin.com/jobs/view/4044701647/,50000,50000
2024-10-07,National Basketball Association,Graduate Technology & Data Intern,Analytics,Internship,Basketball,https://www.linkedin.com/jobs/view/4044701644/,70000,70000
2024-10-06,Nashville Predators,Data Engineer,Engineering,Entry-Level,Hockey,https://www.teamworkonline.com/hockey-jobs/nashville-predators/nashville-predators/data-engineer-etl-developer-professional-sports-required-2095776
2024-10-04,Miami Marlins,Business Analytics Manager,Business,Mid-Career,Baseball,https://www.linkedin.com/jobs/view/4041074022/
2024-10-02,Boston Red Sox,Baseball Scientist,Analytics,Entry-Level,Baseball,https://www.linkedin.com/jobs/view/4040957599/
2024-10-01,Toronto FC,Women in Soccer Fellow,General,Inernship,Soccer,https://www.linkedin.com/jobs/view/4037782302/
2024-10-01,New York Knicks,Performance Science Data Engineer,Engineering,Entry-Level,Basketball,https://www.linkedin.com/jobs/view/4039412721/
2024-09-30,Chicago Cubs,Computer Vision Analyst,Analytics,Entry-Level,Baseball,https://www.linkedin.com/jobs/view/4036968413/
2024-09-30,Cincinnati Reds,Baseball Analytics Trainee,Analytics,Internship,Baseball,https://www.teamworkonline.com/baseball-jobs/cincinnati-reds/cincinnati-reds/baseball-analytics-trainee-2095189
2024-09-30,Tampa Bay Rays,Research & Development Intern,Analytics,Internship,Baseball,https://www.teamworkonline.com/baseball-jobs/baseballjobs/tampa-bay-rays/intern-research-and-development-2094489
2024-09-28,US Soccer Federation,ENT Sports Scientist,Performance,Entry-Level,Soccer,https://www.linkedin.com/jobs/view/4033412167/
2024-09-27,Football Radar,Data Science Lead,Analytics,Mid-Career,Soccer,https://www.linkedin.com/jobs/view/4028697628/
2024-09-27,National Hockey League,DevOps Engineer,Engineering,Entry-Level,Hockey,https://www.linkedin.com/jobs/view/4037016973/,140000,175000
2024-09-26,Kansas City Royals,Applied Performance Scientist,Performance,Entry-Level,Baseball,https://www.linkedin.com/jobs/view/4035927756/
2024-09-25,Syracuse University,Associate or Full Professor of Sport Analytics,Analytics,Faculty,Multisport,https://www.linkedin.com/jobs/view/4030443806/
2024-09-25,Manchester City,Technical Development Insights Manager,Analytics,Mid-Career,Soccer,https://www.linkedin.com/jobs/view/4035118455/
2024-09-24,New York Mets,Player Development Analyst Associate,Analytics,Internship,Baseball,https://www.linkedin.com/jobs/view/4039503555/,36000,50000
2024-09-24,Los Angeles Angels,Baseball Systems Developer,Engineering,Entry-Level,Baseball,https://www.linkedin.com/jobs/view/4034345240/,95000,110000
2024-09-24,Boston Red Sox,Baseball Analytics Analyst,Analytics,Entry-Level,Baseball,https://www.linkedin.com/jobs/view/4034238357/
2024-09-24,Boston Red Sox,Sr Baseball Analytics Analyst,Analytics,Mid-Career,Baseball,https://www.linkedin.com/jobs/view/4034235876/
2024-09-23,Boston Red Sox,Director of Baseball Systems,Engineering,Senior,Baseball,https://www.linkedin.com/jobs/view/4033159655/
2024-09-23,Milwaukee Brewers,Baseball Research & Development Associate,Analytics,Internship,Baseball,https://careers-brewers.icims.com/jobs/2442/job
2024-09-23,Minnesota Twins,Baseball Research Fellow,Analytics,Internship,Baseball,https://recruitingbypaycor.com/career/JobIntroduction.action?clientId=8a7883d08b729b3e018b72dc67f6007f&id=8a78839f91e3131c01921ff4b5bc6acc
2024-09-23,Minnesota Twins,Biomechanics Fellow,Performance,Internship,Baseball,https://recruitingbypaycor.com/career/JobIntroduction.action?clientId=8a7883d08b729b3e018b72dc67f6007f&id=8a78839f91e3131c01921ff4fb366af4
2024-09-23,Minnesota Twins,Sports Science Research Fellow,Performance,Internship,Baseball,https://recruitingbypaycor.com/career/JobIntroduction.action?clientId=8a7883d08b729b3e018b72dc67f6007f&id=8a78839f91e3131c01921ff592bd6b23
2024-09-23,Atlanta United,Data Engineer,Engineering,Entry-Level,Soccer,https://ambgroup.wd1.myworkdayjobs.com/Appl_Only_Site/job/United-Training-Facility/Data-Engineer---Atlanta-United-FC_R0027438
2024-09-19,Seattle Mariners,Analytics Intern,Analytics,Internship,Baseball,https://jobs.jobvite.com/mariners/job/oVzwufwe
2024-09-18,Atlanta Braves,Research & Development Analyst Associate,Analytics,Internship,Baseball,https://www.linkedin.com/jobs/view/4027391853/
2024-09-18,Atlanta Braves,Research & Development Developer Associate,Engineering,Internship,Baseball,https://www.linkedin.com/jobs/view/4028017247/
2024-09-18,Nottingham Forest,PhD Student in Data Insights,Analytics,PhD Study,Soccer,https://careers.nottinghamforest.co.uk/jobs/4921965-phd-data-student-data-insights
2024-09-18,New York Jets,Business Analyst,Business,Entry-Level,Football,https://www.teamworkonline.com/football-jobs/footballjobs/new-york-jets/business-analyst-2093834
2024-09-17,Seattle Mariners,Baseball Projects Intern,Analytics,Internship,Baseball,https://jobs.jobvite.com/careers/mariners/job/oCavufwv
2024-09-17,Sacramento Kings,Associate Basketball Data Engineer,Engineering,Entry-Level,Basketball,https://www.linkedin.com/jobs/view/4026710617/,75000,85000
2024-09-16,New York Mets,Baseball Analytics Intern,Analytics,Internship,Baseball,https://sterlingmets.wd5.myworkdayjobs.com/en-US/Mets/job/Intern--Baseball-Analytics_R1143
2024-09-16,Washington Wizards,Applied Biomech & Perf Data Sci Lead,Performance,Mid-Career,Basketball,https://www.linkedin.com/jobs/view/4027955253/,150000,250000
2024-09-16,German Football Association,Data Scientist,Analytics,Entry-Level,Soccer,https://www.linkedin.com/jobs/view/4028087444/
2024-09-16,German Football Association,Data Engineer,Engineering,Entry-Level,Soccer,https://www.linkedin.com/jobs/view/4025238933/
2024-09-16,German Football Association,Cloud Data Engineer,Engineering,Entry-Level,Soccer,https://www.linkedin.com/jobs/view/4025237885/
2024-09-13,Everton,Data Engineer,Engineering,Entry-Level,Soccer,https://jobsinfootball.com/job/85503/data-engineer-performance-insights/
2024-09-13,Texas Rangers,Motion Performance Sport Scientist,Performance,Entry-Level,Baseball,https://rangersmlb.wd5.myworkdayjobs.com/en-US/Rangers/job/Surprise-AZ/Motion-Performance-Sport-Scientist_R1499
2024-09-12,Tampa Bay Rays,Baseball Performance Science Intern,Performance,Internship,Baseball,https://www.teamworkonline.com/baseball-jobs/baseballjobs/tampa-bay-rays/intern-baseball-performance-science-2092971
2024-09-11,English Football Association,Sr Data Modeller,Analytics,Mid-Career,Soccer,https://www.linkedin.com/jobs/view/4022077337/
2024-09-11,National Basketball Association,Sr AI Engineer,Engineering,Mid-Career,Basketball,https://www.linkedin.com/jobs/view/4020848806/,150000,210000
2024-09-09,Detroit Tigers,Machine Learning Engineer,Engineering,Entry-Level,Baseball,https://ilitch.wd5.myworkdayjobs.com/en-US/Detroit-Tigers/details/Machine-Learning-Engineer--Baseball-Systems_R4902
2024-09-06,Teamworks,Sr Machine Learning Engineer,Engineering,Mid-Career,Multisport,https://www.linkedin.com/jobs/view/4018780702/
2024-09-06,Teamworks,Sr Data Engineer,Engineering,Mid-Career,Multisport,https://www.linkedin.com/jobs/view/4018782393/
2024-09-06,Detroit Tigers,Baseball Analytics Associate,Analytics,Internship,Baseball,https://ilitch.wd5.myworkdayjobs.com/en-US/Detroit-Tigers/job/Baseball-Analytics-Associate_R4878
2024-09-06,Detroit Tigers,Major League Advance Scouting Associate,Analytics,Internship,Baseball,https://ilitch.wd5.myworkdayjobs.com/en-US/Detroit-Tigers/job/Major-League-Advance-Scouting-Associate_R4886
2024-09-06,Detroit Tigers,Performance Science Associate,Performance,Internship,Baseball,https://ilitch.wd5.myworkdayjobs.com/en-US/Detroit-Tigers/job/Performance-Science-Associate_R4876
2024-09-06,New Jersey Devils,Data Engineer,Engineering,Entry-Level,Hockey,https://www.teamworkonline.com/multiple-properties/harris-blitzer-sports-entertainment-jobs/new-jersey-devils-jobs/data-engineer-hockey-analytics-2092742
2024-09-05,Texas Rangers,Baseball Research & Development Apprentice,Analytics,Internship,Baseball,https://rangersmlb.wd5.myworkdayjobs.com/en-US/Rangers/job/Apprentice--Baseball-Research---Development_R1494/
2024-09-05,Indiana Pacers,Athletic Performance Season Associate,Performance,Internship,Basketball,https://www.linkedin.com/jobs/view/4018585769/
2024-09-04,Red Bull Bragantino,Data Analysis Intern,Analytics,Internship,Soccer,https://www.linkedin.com/jobs/view/4015512465/
2024-09-04,Major League Baseball,Sr Analytics Engineer,Engineering,Mid-Career,Baseball,https://www.linkedin.com/jobs/view/4015548524/,130000,155000
2024-09-03,Miami Marlins,VP of Baseball Systems,Engineering,Senior,Baseball,https://www.linkedin.com/jobs/view/4014116396/
2024-09-03,New York Mets,Director of Baseball Systems,Engineering,Senior,Baseball,https://sterlingmets.wd5.myworkdayjobs.com/en-US/Mets/job/Director--Baseball-Systems_R1134-1
2024-09-03,Marseille,Data Engineer,Engineering,Entry-Level,Soccer,https://www.linkedin.com/jobs/view/4016621341/
2024-08-30,US Olympic & Paralympic Committee,Data Engineer,Engineering,Entry-Level,Multisport,https://www.linkedin.com/jobs/view/4011915847/
2024-08-30,Major League Baseball,Sr Software Engineering Manager,Engineering,Mid-Career,Baseball,https://www.linkedin.com/jobs/view/4012013798/,160000,205000
2024-08-30,Feyenoord,Data Architect,Engineering,Mid-Career,Soccer,https://www.linkedin.com/jobs/view/4011660776/
2024-08-30,Detroit Tigers,Full-Stack Software Engineer,Engineering,Entry-Level,Baseball,https://www.linkedin.com/jobs/view/4012318251/
2024-08-29,Major League Baseball,Ticketing Analytics Analyst,Business,Entry-Level,Baseball,https://www.linkedin.com/jobs/view/4010689246/,70000,100000
2024-08-28,Washington Wizards,Sr Product Designer,Engineering,Mid-Career,Basketball,https://www.linkedin.com/jobs/view/4010276120/
2024-08-27,National Basketball Association,Technical Lead Manager,Analytics,Mid-Career,Basketball,https://www.linkedin.com/jobs/view/4008708291/,325000,375000
2024-08-27,Nottingham Forest,Academy Data Insights Analyst,Analytics,Entry-Level,Soccer,https://www.linkedin.com/jobs/view/4011527553/
2024-08-23,English Football Association,Insights Data Scientist,Analytics,Entry-Level,Soccer,https://www.linkedin.com/jobs/view/4008228650/
2024-08-23,Oklahoma State University,Performance Science Coordinator,Performance,Entry-Level,Multisport,https://www.linkedin.com/jobs/view/4005292130/
2024-08-21,University of Tennessee,Assistant Professor of Sport Analytics,Analytics,Faculty,Multisport,https://www.linkedin.com/jobs/view/4008410610/
2024-08-21,National Women's Soccer League,Director of Analytics,Business,Senior,Soccer,https://www.linkedin.com/jobs/view/4048920708/
2024-08-21,Miami Marlins,Machine Learning Engineer,Engineering,Entry-Level,Baseball,https://www.linkedin.com/jobs/view/4000739567/
2024-08-21,Miami Marlins,Lead Data Engineer,Engineering,Mid-Career,Baseball,https://www.linkedin.com/jobs/view/4000742410/
2024-08-21,Miami Marlins,Lead Software Engineer,Engineering,Mid-Career,Baseball,https://www.linkedin.com/jobs/view/4000743238/
2024-08-16,National Basketball Association,Basketball Data Science & Scheduling Lead,Analytics,Mid-Career,Basketball,https://www.linkedin.com/jobs/view/3948045029/,180000,240000
2024-08-16,Oklahoma City Thunder,Software Engineer Intern,Engineering,Internship,Basketball,https://www.linkedin.com/jobs/view/3998513296/
2024-08-15,Philadelphia Phillies,Quantitative Analysis Associate,Analytics,Internship,Baseball,https://www.linkedin.com/jobs/view/4002275762/
2024-08-15,Philadelphia Phillies,Business Data Analyst,Business,Entry-Level,Baseball,https://www.linkedin.com/jobs/view/3999323807/
2024-08-14,New York Mets,Sr Data Scientist,Analytics,Mid-Career,Baseball,https://www.linkedin.com/jobs/view/3999099014/,115000,145000
2024-08-14,Philadelphia Eagles,Quantitative Analyst,Analytics,Entry-Level,Football,https://www.linkedin.com/jobs/view/4000951188/
2024-08-14,Benfica,Jr Data Scientist,Analytics,Entry-Level,Soccer,https://recrutamento.slbenfica.pt/job/Portugal-Junior-Data-Scientist-%28MF%29-Corp/988015555/
2024-08-14,Benfica,Jr Data Engineer,Engineering,Entry-Level,Soccer,https://recrutamento.slbenfica.pt/job/Portugal-Junior-Data-Engineer-%28MF%29-Corp/987604655/
2024-08-14,AFC Bournemouth,Performance Scientist,Performance,Entry-Level,Soccer,https://trainingground.guru/jobs-listings/performance-scientist
2024-08-09,Bayern M&uuml;nchen,Data Scientist,Analytics,Entry-Level,Soccer,https://careers.fcbayern.com/job/M%C3%BCnchen-Data-Scientist-Datenwissenschaftler-Direktion-Sport-%28mwd%29/1107639201/
2024-08-09,University of Notre Dame,Back-End Data Engineer,Engineering,Entry-Level,Multisport,https://jobs.nd.edu/postings/35430
2024-08-05,Marseille,Full-Stack Developer Assistant,Business,Internship,Soccer,https://www.linkedin.com/jobs/view/3989056408/
2024-08-02,English Football Association,Data Analyst,Analytics,Entry-Level,Soccer,https://www.linkedin.com/jobs/view/3994781784/
2024-08-01,Coventry City,Recruitment Data Analyst,Analytics,Entry-Level,Soccer,https://irecruit.efl.com/vacancies/911/recruitment-data-analyst.html
2024-07-29,Orlando Magic,Player Development Analyst,Analytics,Entry-Level,Basketball,https://www.linkedin.com/jobs/view/3986998865/
2024-07-29,Kansas City Chiefs,Data Scientist,Business,Entry-Level,Football,https://www.linkedin.com/jobs/view/3984835569/
2024-07-26,Lincoln City,Head of Data Science,Analytics,Mid-Career,Soccer,https://irecruit.efl.com/vacancies/894/head-of-data-science.html
2024-07-26,English Football Association,Data Engineer,Engineering,Entry-Level,Soccer,https://www.linkedin.com/jobs/view/3983081005/
2024-07-26,New York Giants,Business Intelligence Analyst,Business,Entry-Level,Football,https://www.linkedin.com/jobs/view/3984655642/
2024-07-24,US Olympic & Paralympic Committee,Associate Performance Data Scientist,Analytics,Entry-Level,Multisport,https://usopccareers.ttcportals.com/jobs/14664339-assoc-performance-data-scientist
2024-07-24,US Olympic & Paralympic Committee,Performance Data Analyst,Performance,Entry-Level,Multisport,https://www.linkedin.com/jobs/view/3983749291/
2024-07-24,Chicago Cubs,Pricing Analyst,Business,Entry-Level,Baseball,https://www.linkedin.com/jobs/view/3983323653/
2024-07-22,Chelsea,Performance Insights Lead,Performance,Mid-Career,Soccer,https://www.linkedin.com/jobs/view/3980321148/
2024-07-22,LA Galaxy,Sr Data Engineer,Engineering,Mid-Career,Soccer,https://www.linkedin.com/jobs/view/3978036504/
2024-07-18,Crystal Palace,First Team Data Analyst,Analytics,Entry-Level,Socer,https://ce0720li.webitrent.com/ce0720li_webrecruitment/wrd/run/etrec179gf.open?WVID=5342252rYN&LANG=USA&VACANCY_ID=1839703Vcu
2024-07-17,Los Angeles Clippers,Biomechanics & Motion Analysis Lab Manager,Performance,Mid-Career,Basketball,https://www.linkedin.com/jobs/view/3977499312/,100000,110000
2024-07-16,Los Angeles Lakers,Coaching Analyst,Analytics,Entry-Level,Basketball,https://www.teamworkonline.com/basketball-jobs/los-angeles-lakers/los-angeles-lakers-jobs/coaching-analyst-basketball-data-strategy-2086797
2024-07-16,Liverpool,Jr Data Analyst,Analytics,Entry-Level,Soccer,https://careers.liverpoolfc.com/members/modules/job/detail.php?record=787
2024-07-16,National Football League,Next Gen Stats Researcher,Analytics,Part-Time,Football,https://www.linkedin.com/jobs/view/3986247592/,62000,68000
2024-07-15,Norwich City,Head of Football Analytics,Analytics,Mid-Career,Soccer,https://www.linkedin.com/jobs/view/3977301645/
2024-07-15,Norwich City,Sr Data Engineer,Engineering,Mid-Career,Soccer,https://www.linkedin.com/jobs/view/3977303387/
2024-07-15,Charlotte Hornets,Sport Scientist,Performance,Entry-Level,Basketball,https://recruiting.ultipro.com/HOR1011HORNT/JobBoard/5b257d2d-0813-4167-b64c-95fb001e0d96/OpportunityDetail?opportunityId=8ac2bc6c-afa1-43df-bbbd-fc257e06d765
2024-07-12,Liverpool,Lead Data Scientist,Analytics,Mid-Career,Soccer,https://careers.liverpoolfc.com/members/modules/job/detail.php?record=826
2024-07-12,Aston Villa,Applied Scientist,Analytics,Entry-Level,Soccer,https://www.linkedin.com/jobs/view/3974302691/
2024-07-12,Philadelphia Phillies,Engineering Manager,Engineering,Mid-Career,Baseball,https://boards.greenhouse.io/philadelphiaphilliesrddepartment/jobs/6053161003
2024-07-12,Houston Astros,Business Strategy & Analytics Intern,Business,Internship,Baseball,https://recruiting2.ultipro.com/HOU1000/JobBoard/e68ddd55-8f58-ba9d-0b3a-76742aed1055/OpportunityDetail?opportunityId=38870ef2-1286-4135-9f8b-e33f1738665c
2024-07-10,Miami Heat,Basketball Data Scientist,Analytics,Entry-Level,Basketball,https://www.linkedin.com/jobs/view/3972727642/
2024-07-09,McLaren Racing,Data Scientist,Analytics,Entry-Level,Formula 1,https://racingcareers.mclaren.com/o/data-scientist-3
2024-07-09,McLaren Racing,Jr Data Scientist,Analytics,Entry-Level,Formula 1,https://racingcareers.mclaren.com/o/data-scientist-3
2024-07-02,Borussia M&ouml;nchengladbach,Data Engineer,Engineering,Entry-Level,Soccer,https://job.borussia.de/de?id=01f696
2024-07-02,Phoenix Suns,Sr Software Engineer,Engineering,Mid-Career,Basketball,https://recruiting2.ultipro.com/PHO1000PHXSE/JobBoard/c249bb71-c106-49f4-9ae1-fd8f0173d326/OpportunityDetail?opportunityId=c8eb9273-4599-4582-b174-beba5467d660
2024-06-28,Los Angeles Dodgers,Sr Quantitative Analyst,Analytics,Mid-Career,Baseball,https://recruiting.ultipro.com/LOS1000LADOD/JobBoard/5365ad6e-23ff-4703-bb77-1e9451fb855e/OpportunityDetail?opportunityId=e82a0181-229d-4cf9-9c91-d296d184c229
2024-06-28,Buffalo Bills,Data Analyst,Business,Entry-Level,Football,https://recruiting.ultipro.com/HOC10001BFLO/JobBoard/fe63f75a-e850-45d2-8772-63a210927fdc/OpportunityDetail?opportunityId=c6543110-a426-4861-9987-1e6045f2c3d4
2024-06-27,Wolverhampton Wanderers,Performance Insights Data Scientist,Performance,Entry-Level,Soccer,https://trainingground.guru/jobs-listings/performance-insights-data-scientist
2024-06-27,Carolina Hurricanes,Director of Business Strategy & Analytics,Business,Senior,Hockey,https://www.teamworkonline.com/hockey-jobs/hockeyjobs/carolina-hurricanes/director-business-strategy-analytics-2085037
2024-06-26,SkillCorner,Computer Vision Intern,Analytics,Internship,Soccer,https://www.welcometothejungle.com/fr/companies/skillcorner/jobs/stagiaire-computer-vision-football_paris
2024-06-25,Maple Leaf Sports & Entertainment,Biomechanics Specialist,Performance,Entry-Level,Multisport,https://jobs.smartrecruiters.com/MLSE3/743999996437045-specialist-biomechanics
2024-06-24,New York Yankees,Sr Analyst,Analytics,Mid-Career,Baseball,https://www.teamworkonline.com/baseball-jobs/new-york-yankees/new-york-yankees/senior-analyst-quantitative-analysis-2084637
2024-06-24,New York Yankees,Analytics Data Engineer,Engineering,Entry-Level,Baseball,https://www.teamworkonline.com/baseball-jobs/new-york-yankees/new-york-yankees/data-engineer-analytics-2084633
2024-06-24,New York Yankees,Pipelines Data Engineer,Engineering,Entry-Level,Baseball,https://www.teamworkonline.com/baseball-jobs/new-york-yankees/new-york-yankees/data-engineer-pipelines-2084636
2024-06-21,Dallas Cowboys,Software Developer,Engineering,Entry-Level,Football,https://us241.dayforcehcm.com/CandidatePortal/en-US/jonesentities/SITE/DALLASCOWBOYSFOOTBALLCLUB/Posting/View/1983
2024-06-18,Atl&eacute;tico Madrid,Data Project Manager,Analytics,Entry-Level,Soccer,https://www.atleticodemadrid.com/ofertas/jefe-proyecto-de-datos
2024-06-18,Manchester City,Software Engineer,Engineering,Entry-Level,Soccer,https://careers.cityfootballgroup.com/job/Manchester-Software-Engineer/1084251001/
2024-06-14,Charlotte Hornets,Basketball Data Scientist,Analytics,Entry-Level,Basketball,https://recruiting.ultipro.com/HOR1011HORNT/JobBoard/5b257d2d-0813-4167-b64c-95fb001e0d96/OpportunityDetail?opportunityId=810d8a6b-fbb7-4ce6-8a91-1e6da100ff69
2024-06-14,Cleveland Guardians,Biomechanics Analyst,Performance,Entry-Level,Baseball,https://boards.greenhouse.io/clevelandguardiansbops/jobs/7421402002
2024-06-14,Parma,Youth Sports Scientist,Performance,Entry-Level,Soccer,https://www.linkedin.com/jobs/view/3945531875/?refId=7o1UsjsYW%2B7X1Lma06rzvg%3D%3D
2024-06-14,Derby County,Data Analytics Lead,Analytics,Mid-Career,Soccer,https://www.linkedin.com/jobs/view/3948581961
2024-06-13,Tampa Bay Buccaneers,Analytics Engineer,Business,Entry-Level,Football,https://jobs.dayforcehcm.com/en-US/tbb/CANDIDATEPORTALTBB/jobs/1729
2024-06-13,Washington Commanders,Football Solutions Developer,Engineering,Entry-Level,Football,https://www.teamworkonline.com/football-jobs/washington-commanders-jobs/washington-commanders-jobs/football-solutions-developer-2083661
2024-06-13,Washington Commanders,Football Solutions Data Engineer,Engineering,Entry-Level,Football,https://www.teamworkonline.com/football-jobs/washington-commanders-jobs/washington-commanders-jobs/football-solutions-data-engineer-2083648
2024-06-11,Washington Commanders,Football Data Scientist,Analytics,Entry-Level,Football,https://www.teamworkonline.com/football-jobs/washington-commanders-jobs/washington-commanders-jobs/football-data-scientist-2083400
2024-06-10,Bristol Rovers,Data Analyst,Analytics,Entry-Level,Soccer,https://trainingground.guru/jobs-listings/data-analyst-brfc
2024-06-07,Liverpool,Performance Insights Lead,Performance,Mid-Career,Soccer,https://jobsearch.liverpoolfc.com/jobs/job/Performance-Insights-Lead/751
2024-06-06,Charlotte Hornets,Basketball Software Developer,Engineering,Entry-Level,Basketball,https://recruiting.ultipro.com/HOR1011HORNT/JobBoard/5b257d2d-0813-4167-b64c-95fb001e0d96/OpportunityDetail?opportunityId=247f2cd3-a8eb-41ab-9747-187957f7310a
2024-06-05,Atlanta Hawks,Data Engineer,Engineering,Entry-Level,Basketball,https://wd1.myworkdaysite.com/en-US/recruiting/hawks/External/job/Data-Engineer_JR00322
2024-06-04,Jacksonville Jaguars,Football Systems Developer,Engineering,Entry-Level,Football,https://www.teamworkonline.com/football-jobs/footballjobs/jacksonville-jaguars/football-systems-developer-2082787
2024-06-04,Br&oslash;ndby IF,Full-Stack Data Engineer,Engineering,Entry-Level,Soccer,https://brondby.com/nyheder/herrer/2024/juni/jobopslag-full-stack-data-engineer-in-football-data-analytics
2024-06-04,Los Angeles Lakers,Associate Data Scientist,Analytics,Entry-Level,Basketball,https://www.teamworkonline.com/basketball-jobs/los-angeles-lakers/los-angeles-lakers-jobs/associate-data-scientist-2082723
2024-06-03,Detroit Tigers,Full-Stack Software Engineer,Engineering,Entry-Level,Baseball,https://www.teamworkonline.com/multiple-properties/ilitch-sports/detroit-tigers/full-stack-software-engineer-2065136
2024-06-01,Tampa Bay Lightning,Data Scientist Assistant,Analytics,Part-Time,Hockey,https://www.teamworkonline.com/hockey-jobs/tampanhl/tampa-bay-lightning-jobs/part-time-data-scientist-assistant-2082293
2024-05-30,Kansas City Chiefs,Data Engineer,Engineering,Entry-Level,Football,https://us241.dayforcehcm.com/CandidatePortal/en-US/kccfc/Posting/View/3321
2024-05-17,Oklahoma City Thunder,Skill Acquisition Research Fellow,Performance,Internship,Basketball,https://www.nba.com/thunder/employment/skillacquisitionresearchfellow
2024-05-15,Philadelphia Eagles,Sr Quantitative Analyst,Analytics,Mid-Career,Football,https://boards.greenhouse.io/philadelphiaeagles/jobs/4369175006
2024-05-15,US Soccer Federation,Data Analyst,Analytics,Entry-Level,Soccer,https://recruiting.paylocity.com/Recruiting/Jobs/Details/2453752
2024-05-15,US Soccer Federation,Data Engineer,Engineering,Entry-Level,Soccer,https://recruiting.paylocity.com/Recruiting/Jobs/Details/2453819
2024-05-13,Portland Thorns,Director of Performance,Performance,Senior,Soccer,https://www.teamworkonline.com/soccer-jobs/nwslsoccer/portland-thorns-fc/director-of-performance-2078587
2024-05-10,San Diego Chargers,Football Systems Developer,Engineering,Entry-Level,Football,https://www.linkedin.com/jobs/view/3919378540/,125000,125000
2024-05-10,Green Bay Packers,Football Analytics Intern,Analytics,Internship,Football,https://us241.dayforcehcm.com/CandidatePortal/en-US/Greenbaypackers/Posting/View/3672
2024-05-10,Tottenham Hotspur,Lead Data Scientist,Analytics,Mid-Career,Soccer,https://ce0812li.webitrent.com/ce0812li_webrecruitment/wrd/run/etrec179gf.open?WVID=9447152BOp&VACANCY_ID=9831253PiJ
2024-05-10,Tottenham Hotspur,Lead Scouting Insights Analyst,Analytics,Mid-Career,Soccer,https://ce0812li.webitrent.com/ce0812li_webrecruitment/wrd/run/etrec179gf.open?WVID=9447152BOp&VACANCY_ID=9495213SEt
2024-05-10,Tottenham Hotspur,Data Engineer,Engineering,Entry-Level,Soccer,https://ce0812li.webitrent.com/ce0812li_webrecruitment/wrd/run/etrec179gf.open?WVID=9447152BOp&VACANCY_ID=4808753Pho
2024-05-07,Washington Wizards,Data Scientist,Analytics,Entry-Level,Basketball,https://www.teamworkonline.com/multiple-properties/monumentalsports/washington-wizards-jobs/data-scientist-2072803
2024-05-07,Washington Wizards,Sr Software Engineer,Engineering,Mid-Career,Basketball,https://www.teamworkonline.com/multiple-properties/monumentalsports/washington-wizards-jobs/senior-software-engineer-2072804
2024-05-03,Miami Marlins,Player Development Analytics Fellow,Analytics,Internship,Baseball,https://www.teamworkonline.com/baseball-jobs/miamibaseball/miami-marlins/analytics-fellow-player-development-2079549
2024-05-01,Major League Soccer,Sr Director of Data Engineering,Engineering,Senior,Soccer,https://careers-mlssoccer.icims.com/jobs/2020/senior-director%2C-data-engineering/job
2024-04-30,Miami Marlins,Data Engineer,Engineering,Entry-Level,Baseball,https://www.teamworkonline.com/baseball-jobs/miamibaseball/miami-marlins/data-engineer-2079216
2024-04-30,Miami Marlins,Jr Analyst,Analytics,Entry-Level,Baseball,https://www.teamworkonline.com/baseball-jobs/miamibaseball/miami-marlins/junior-analyst-2079214
2024-04-30,Miami Marlins,Analyst,Analytics,Entry-Level,Baseball,https://www.teamworkonline.com/baseball-jobs/miamibaseball/miami-marlins/analyst-2079194
2024-04-30,Miami Marlins,Sr Analyst,Analytics,Mid-Career,Baseball,https://www.teamworkonline.com/baseball-jobs/miamibaseball/miami-marlins/senior-analyst-2079191
2024-04-30,Chicago Bulls,Director of Business Strategy & Analytics,Business,Senior,Basketball,https://www.nba.com/bulls/career-opportunities?gnk=job&gni=8a78839f8eee94ec018f2b9d59746bf6
2024-04-29,San Diego FC,Data & Insights Analyst,Analytics,Entry-Level,Soccer,https://sandiegofc.com/wp-content/uploads/2024/04/Data-Insights-Analyst.pdf
2024-04-26,Cleveland Browns,Junior Software Developer,Engineering,Entry-Level,Football,https://www.teamworkonline.com/football-jobs/browns/cleveland-browns-28698/junior-software-developer-2078739
2024-04-26,US Soccer Federation,MNT Performance Analyst,Analytics,Entry-Level,Soccer,https://recruiting.paylocity.com/Recruiting/Jobs/Details/2167128
2024-04-24,Houston Texans,Sr Data Science Manager,Business,Mid-Career,Football,https://www.teamworkonline.com/football-jobs/texans/houston-texans/sr-manager-data-science-2078433
2024-04-22,Tennessee Titans,Data Engineer,Engineering,Entry-Level,Football,https://us232.dayforcehcm.com/CandidatePortal/en-US/titans/Posting/View/2016
2024-04-21,Derby County,Data Analytics Lead,Analytics,Mid-Career,Soccer,https://www.dcfc.co.uk/page/club-vacancy-data-analytics-lead
2024-04-19,Major League Soccer,Soccer Analytics & Data Science Manager,Analytics,Mid-Career,Soccer,https://www.linkedin.com/jobs/view/3903841116/,90000,110000
2024-04-19,Pittsburgh Pirates,Data Scientist,Analytics,Entry-Level,Baseball,https://www.appone.com/MainInfoReq.asp?R_ID=6202013
2024-04-18,Nottingham Forest,Head of Sports Data Insights,Analytics,Mid-Career,Soccer,https://www.linkedin.com/jobs/view/3904445462/
2024-04-17,Seattle Mariners,Sports Science Data Engineering Intern,Engineering,Internship,Baseball,https://jobs.jobvite.com/mariners/job/oMeWsfw8
2024-04-17,Cleveland Guardians,Full-Stack Engineer,Engineering,Mid-Career,Baseball,https://boards.greenhouse.io/clevelandguardiansbops/jobs/7332553002
2024-04-15,src|ftbl,Recruitment Data Analyst,Analytics,Entry-Level,Soccer,https://www.srcftbl.com/recruitment-data-analyst
2024-04-11,Houston Astros,Research Analyst,Analytics,Entry-Level,Baseball,https://recruiting2.ultipro.com/HOU1000/JobBoard/e68ddd55-8f58-ba9d-0b3a-76742aed1055/OpportunityDetail?opportunityId=c5387ee0-d2f3-4654-81f9-8caec0b6f5fe
2024-04-02,Miami Marlins,Baseball Analytics Fellow,Analytics,Internship,Baseball,https://www.teamworkonline.com/baseball-jobs/miamibaseball/miami-marlins/analytics-fellow-2075975
2024-04-02,Leicester City,Lead Data Scientist,Analytics,Mid-Career,Soccer,https://lcfc.octo-firstclass.co.uk/candidates/applicationform/jobpost/172592?aisId=12
2024-04-01,New Orleans Saints,Software Developer Associate,Engineering,Internship,Football,https://us232.dayforcehcm.com/CandidatePortal/en-US/bensonenterprises/Site/SAINTSPELSCAREERS/Posting/View/1481
2024-03-26,DC United,Data Analytics Intern,Analytics,Internship,Soccer,https://www.teamworkonline.com/soccer-jobs/dc-united/d-c--united/data-analytics-internship-2075210
2024-03-26,DC United,Soccer Strategy Intern,Analytics,Internship,Soccer,https://www.teamworkonline.com/soccer-jobs/dc-united/d-c--united/soccer-strategy-internship-2075214
2024-03-23,NJ/NY Gotham FC,Director of Data Analytics,Analytics,Senior,Soccer,https://www.teamworkonline.com/soccer-jobs/nwslsoccer/gotham-fc-jobs/director-of-data-analytics-2074907
2024-03-22,Manchester City,Machine Learning Engineer,Engineering,Entry-Level,Soccer,https://careers.cityfootballgroup.com/job/Manchester-Machine-Learning-Engineer/1052800601/
2024-03-18,Utah Jazz,Basketball Data Scientist,Analytics,Entry-Level,Basketball,https://www.linkedin.com/jobs/view/3856066201/
2024-03-15,Arizona Cardinals,Analytics Training Camp Assistant,Analytics,Internship,Football,https://recruiting2.ultipro.com/ARI1001CARD/JobBoard/bfe37693-2c0a-46b6-af4e-f984b08a8e7f/OpportunityDetail?opportunityId=ca93876f-66fe-4e8b-b64b-85c0dd47eade
2024-03-15,Clermont Foot,Data Scientist Intern,Analytics,Internship,Soccer,https://www.clermontfoot.com/wp-content/uploads/2024/03/Rech_DataSc_stage.pdf
2024-03-11,US Soccer Federation,WNT Performance Analyst,Analytics,Entry-Level,Soccer,https://www.teamworkonline.com/olympic-jobs/usngbjobs/u-s--soccer-federation/performance-analyst-wnt-2073388
2024-03-11,Indiana Pacers,Basketball Analytics Summer Intern,Analytics,Internship,Basketball,https://pse.hrmdirect.com/employment/job-opening.php?req=2989702
2024-03-08,Major League Baseball,Statcast Data Analytics Summer Intern,Analytics,Internship,Baseball,https://www.mlb.com/careers/opportunities?gh_jid=5782776
2024-03-07,Tokio Marine,Sports Analytics Intern,Analytics,Internship,Multisport,https://jobs.jobvite.com/tmhcc/job/orFjqfwz
2024-03-06,Zelus Analytics,Machine Learning Engineer,Engineering,Entry-Level,Multisport,https://boards.greenhouse.io/zelusanalytics/jobs/4384601005?gh_jid=4384601005
2024-03-06,Zelus Analytics,Data Engineer,Engineering,Entry-Level,Multisport,https://boards.greenhouse.io/zelusanalytics/jobs/4384183005?gh_jid=4384183005
2024-03-06,Tennessee Titans,Data Analyst,Analytics,Entry-Level,Football,https://www.linkedin.com/jobs/view/3847690532/
2024-03-06,Houston Texans,Applied Sports Science Apprentice,Performance,Internship,Football,https://www.teamworkonline.com/football-jobs/texans/houston-texans/applied-sports-science-apprentice-2072800
2024-03-04,US Olympic & Paralympic Committee,Performance Data Analyst,Performance,Entry-Level,Multisport,https://recruiting.ultipro.com/USO1001/JobBoard/bc8f4af5-0753-ca80-0a4c-4f512286e8f1/OpportunityDetail?opportunityId=f52016a2-eed3-47df-9639-b564582020cc
2024-03-01,New York Jets,Football Analytics Seasonal Intern,Analytics,Internship,Football,https://www.teamworkonline.com/football-jobs/footballjobs/new-york-jets/seasonal-intern-football-analytics-2072294
2024-02-24,Detroit Lions,Football Information Summer Intern,Analytics,Internship,Football,https://boards.greenhouse.io/detroitlions/jobs/4371941005
2024-02-22,Barcelona,Data Scientist,Analytics,Entry-Level,Soccer,https://www.linkedin.com/jobs/view/3837439703/
2024-02-21,Major League Baseball,Data Scientist Intern,Analytics,Internship,Baseball,https://www.mlb.com/careers/opportunities?gh_jid=5629343
2024-02-20,Dallas Cowboys,Strategic Football Fellow,Analytics,Internship,Football,https://us232.dayforcehcm.com/CandidatePortal/en-US/jonesentities/SITE/DALLASCOWBOYSFOOTBALLCLUB/Posting/View/1479
2024-02-09,National Basketball Association,Player Health & Data Analytics Lead,Analytics,Mid-Career,Basketball,https://nbacareers.nba.com/job/New-York-Player-Health-&-Data-Analytics-Lead-NY-10022/1034249801/
2024-02-09,Detroit Tigers,Baseball Operations Analyst,Analytics,Entry-Level,Baseball,https://www.teamworkonline.com/multiple-properties/ilitch-sports/detroit-tigers/analyst-baseball-operations-2069660
2024-02-08,Pittsburgh Pirates,Software Engineer,Engineering,Entry-Level,Baseball,https://www.appone.com/MainInfoReq.asp?R_ID=6065709
2024-02-06,Houston Astros,Research & Development Analyst,Analytics,Part-Time,Baseball,https://recruiting2.ultipro.com/HOU1000/JobBoard/e68ddd55-8f58-ba9d-0b3a-76742aed1055/OpportunityDetail?opportunityId=caa9c3b0-70c4-423c-afb5-b3e43058d2fe
2024-02-05,Washington Commanders,Football Analytics Data Analyst,Analytics,Entry-Level,Football,https://www.teamworkonline.com/football-jobs/washington-commanders-jobs/washington-commanders-jobs/football-analytics-data-analyst-2068864
2024-02-03,Washington Commanders,Azure Data Engineer,Engineering,Entry-Level,Football,https://www.teamworkonline.com/football-jobs/washington-commanders-jobs/washington-commanders-jobs/azure-data-engineer-2068706
2024-01-27,Wolfsburg,Data Engineer,Engineering,Entry-Level,Soccer,https://www.linkedin.com/jobs/view/3780617235/
2024-01-25,University of Oklahoma,Director of Sports Science,Performance,Senior,Multisport,https://ou.taleo.net/careersection/2/jobdetail.ftl?job=240164
2024-01-25,Detroit Tigers,Performance Science Analyst,Performance,Entry-Level,Baseball,https://www.teamworkonline.com/multiple-properties/ilitch-sports/detroit-tigers/analyst-performance-science-2067129
2024-01-23,Boston Red Sox,Baseball Analytics Analyst,Analytics,Entry-Level,Baseball,https://jobs.lever.co/redsox/c9fc8d7b-5178-45dd-9434-d8457af90aaf
2024-01-23,New York Mets,Performance Technology Associate,Performance,Internship,Baseball,https://sterlingmets.wd5.myworkdayjobs.com/en-US/Mets/job/Associate--Performance-Technology_R1040
2024-01-22,Houston Astros,Sr Performance Science Engineer,Performance,Mid-Career,Baseball,https://recruiting2.ultipro.com/HOU1000/JobBoard/e68ddd55-8f58-ba9d-0b3a-76742aed1055/OpportunityDetail?opportunityId=0d18ef29-2e24-4344-96e1-2cb38458d61c
2024-01-16,DC United,Data Scientist,Analytics,Entry-Level,Soccer,https://www.teamworkonline.com/soccer-jobs/dc-united/d-c--united/data-scientist-2065792
2024-01-16,DC United,Data Engineer,Engineering,Entry-Level,Soccer,https://www.teamworkonline.com/soccer-jobs/dc-united/d-c--united/data-engineer-2065791
2024-01-13,Boston Red Sox,Summer Analytics Intern,Analytics,Internship,Baseball,https://jobs.lever.co/redsox/8ce92d2f-faa3-4f4e-9055-ee11e14cda52
2024-01-13,Boston Red Sox,Summer Developer Intern,Engineering,Internship,Baseball,https://jobs.lever.co/redsox/08703ff7-e6d3-4629-99ee-551e837428ce
2024-01-12,Boston Red Sox,Baseball Systems Developer,Engineering,Entry-Level,Baseball,https://jobs.lever.co/redsox/9d53d177-05c0-4d65-bd19-198973a583c6
2024-01-11,Southampton,First Team Data Scientist,Analytics,Entry-Level,Soccer,https://saintsfc.wd3.myworkdayjobs.com/en-US/SFC001/job/Staplewood-Campus/First-Team-Data-Scientist_RQ-026283
2024-01-11,Red Bull Soccer,Data Scientist Soccer Analytics,Analytics,Mid-Career,Soccer,https://jobs.redbull.com/de-de/munich-data-scientist-soccer-analytics-ref10283d
2024-01-10,Minnesota Twins,Biomechanist,Performance,Entry-Level,Baseball,https://recruitingbypaycor.com/career/JobIntroduction.action?id=8a7887ac8c7f6022018c8d3e90f527f6
2024-01-10,Club Brugge,Match & Scouting Data Analyst,Analytics,Entry-Level,Soccer,https://jobs.clubbrugge.be/en/match-scouting-data-analyst
2024-01-05,Philadelphia Phillies,Lead Quantitative Analyst,Analytics,Mid-Career,Baseball,https://boards.greenhouse.io/philadelphiaphilliesrddepartment/jobs/5032751003/
2024-01-03,Manchester City,Junior Data Scientist,Analytics,Entry-Level,Soccer,https://careers.cityfootballgroup.com/job/Manchester-Junior-Data-Scientist/1021240001/
2024-01-03,New York City FC,Football Insights Analyst,Analytics,Entry-Level,Soccer,https://www.teamworkonline.com/soccer-jobs/nycfc/nyc-fc/football-insights-analyst-2064190
2024-01-02,Atlanta Hawks,Data Architect,Engineering,Mid-Career,Basketball,https://wd1.myworkdaysite.com/en-US/recruiting/hawks/External/job/Data-Architect_JR00197